{"engineId":"952840cf-0fd0-4290-8b26-789f522ab721","engineName":"Devices","rdbmsId":"cf5d75b2-f4e5-46ea-8f3c-129f8f4454cf","varstore":{},"frames":[{"file":"@BaseFolder@\\db\\@ENGINE@\\version\\cf5d75b2-f4e5-46ea-8f3c-129f8f4454cf\\FRAME672050.gz","meta":"@BaseFolder@\\db\\@ENGINE@\\version\\cf5d75b2-f4e5-46ea-8f3c-129f8f4454cf\\METADATA__FRAME672050.owl","state":null,"type":"prerna.ds.h2.H2Frame","name":"FRAME672050","keys":["$CUR_FRAME_KEY","FRAME672050"]}],"panels":[{"panelId":"0","panelLabel":"Number of Devices by Device Type","view":"visualization","viewOptions":"{\"type\":\"echarts\"}","viewOptionsMap":{"federate-view":{"app_id":"952840cf-0fd0-4290-8b26-789f522ab721"},"visualization":{"type":"echarts"}},"config":{"type":"STANDARD","opacity":100},"ornaments":{"tools":{"shared":{"colorName":"Four","backgroundColor":"#FFFFFF","color":{"CountofUniqueID":"#184D68"},"rotateAxis":true}}},"events":{"onSingleClick":{"Unfilter":[{"disabledVisuals":["Grid","Sunburst"],"default":true,"query":"UnfilterFrame(<SelectedColumn>);","options":{},"refresh":false,"disabled":false,"panel":""}]},"onBrush":{"Filter":[{"default":true,"query":"if(IsEmpty(<SelectedValues>), UnfilterFrame(<SelectedColumn>), SetFrameFilter(<SelectedColumn>==<SelectedValues>));","options":{},"refresh":false,"disabled":false,"panel":""}]}},"comments":{},"position":{},"filters":[],"order":[],"cbv":[]},{"panelId":"1","panelLabel":"Cost against Life Expectancy","view":"visualization","viewOptions":"{\"type\":\"echarts\"}","viewOptionsMap":{"federate-view":{"app_id":"952840cf-0fd0-4290-8b26-789f522ab721"},"visualization":{"type":"echarts"}},"config":{"type":"STANDARD","opacity":100.0},"ornaments":{"tools":{"shared":{"rotateAxis":true,"colorName":"Four","backgroundColor":"#FFFFFF","color":{"Device Type":"#184D68"}}}},"events":{"onSingleClick":{"Unfilter":[{"disabledVisuals":["Grid","Sunburst"],"default":true,"query":"UnfilterFrame(<SelectedColumn>);","options":{},"refresh":false,"disabled":false,"panel":""}]},"onBrush":{"Filter":[{"default":true,"query":"if(IsEmpty(<SelectedValues>), UnfilterFrame(<SelectedColumn>), SetFrameFilter(<SelectedColumn>==<SelectedValues>));","options":{},"refresh":false,"disabled":false,"panel":""}]}},"comments":{},"position":{},"filters":[],"order":[],"cbv":[]},{"panelId":"2","panelLabel":"Potential Cost of Device Replacement by Replacement Date/EOL","view":"visualization","viewOptions":"{\"type\":\"echarts\"}","viewOptionsMap":{"federate-view":{"app_id":"952840cf-0fd0-4290-8b26-789f522ab721"},"visualization":{"type":"echarts"}},"config":{"type":"STANDARD","opacity":100.0},"ornaments":{"tools":{"shared":{"colorName":"Four","backgroundColor":"#FFFFFF","color":{"CountofUniqueID":"#184D68"},"rotateAxis":false}}},"events":{"onSingleClick":{"Unfilter":[{"disabledVisuals":["Grid","Sunburst"],"default":true,"query":"UnfilterFrame(<SelectedColumn>);","options":{},"refresh":false,"disabled":false,"panel":""}]},"onBrush":{"Filter":[{"default":true,"query":"if(IsEmpty(<SelectedValues>), UnfilterFrame(<SelectedColumn>), SetFrameFilter(<SelectedColumn>==<SelectedValues>));","options":{},"refresh":false,"disabled":false,"panel":""}]}},"comments":{},"position":{},"filters":[],"order":[],"cbv":[]},{"panelId":"4","panelLabel":"Device_Type Filter (Anesthesia, Audiology, Bed, Dialysis, ECG/EKG, Endoscopy/ENT/GI, Fetal_Monitor, Imaging, Infusion_Pump, Intermittent_Devices, Lab_Automation, Medication_Dispensing, Monitor, Ophthalmology, PACS, Pharmacy, Radiology, Ventilator)","view":"DashboardFilter","viewOptions":"{\"autoRun\":true}","viewOptionsMap":{"DashboardFilter":{"autoRun":true}},"config":{"subType":"","type":"MENU","opacity":100},"ornaments":{"dashboardFilter":{"instances":["Device_Type"],"viewType":"List","singleSelect":"Multi Select"}},"events":{},"comments":{},"position":{},"filters":[],"order":[],"cbv":[]}],"tasks":{"tasks":[{"type":"basic","task":{"taskType":"basic","id":"task1","numCollected":500,"internalOffset":0,"taskOptions":"{\"options\":{\"0\":{\"layout\":\"Grid\",\"alignment\":{\"label\":[\"Acquisition_Cost\",\"Acquisition_Date\",\"Common_Model\",\"Connector_Compatible\",\"Device_Class\",\"Device_Type\",\"EHR_Compatible\",\"Equipment_Nomenclature\",\"Fiscal_Quarter_EOL\",\"Fiscal_Year_EOL\",\"Life_Expectancy\",\"Location_1\",\"Manufacturer_Name\",\"Nameplate_Model\",\"NEWDEVICES\",\"Past_Life_Expectancy\",\"Replacement_Date\",\"UniqueID\"]}}},\"ornament\":false}","qs":{"qsType":"FRAME","frameName":"FRAME672050","isDistinct":true,"overrideImplicit":false,"limit":500,"offset":0,"relations":"[]","selectors":[{"type":"COLUMN","content":{"table":"FRAME672050","column":"Acquisition_Cost","alias":"Acquisition_Cost","tableAlias":null}},{"type":"COLUMN","content":{"table":"FRAME672050","column":"Acquisition_Date","alias":"Acquisition_Date","tableAlias":null}},{"type":"COLUMN","content":{"table":"FRAME672050","column":"Common_Model","alias":"Common_Model","tableAlias":null}},{"type":"COLUMN","content":{"table":"FRAME672050","column":"Connector_Compatible","alias":"Connector_Compatible","tableAlias":null}},{"type":"COLUMN","content":{"table":"FRAME672050","column":"Device_Class","alias":"Device_Class","tableAlias":null}},{"type":"COLUMN","content":{"table":"FRAME672050","column":"Device_Type","alias":"Device_Type","tableAlias":null}},{"type":"COLUMN","content":{"table":"FRAME672050","column":"EHR_Compatible","alias":"EHR_Compatible","tableAlias":null}},{"type":"COLUMN","content":{"table":"FRAME672050","column":"Equipment_Nomenclature","alias":"Equipment_Nomenclature","tableAlias":null}},{"type":"COLUMN","content":{"table":"FRAME672050","column":"Fiscal_Quarter_EOL","alias":"Fiscal_Quarter_EOL","tableAlias":null}},{"type":"COLUMN","content":{"table":"FRAME672050","column":"Fiscal_Year_EOL","alias":"Fiscal_Year_EOL","tableAlias":null}},{"type":"COLUMN","content":{"table":"FRAME672050","column":"Life_Expectancy","alias":"Life_Expectancy","tableAlias":null}},{"type":"COLUMN","content":{"table":"FRAME672050","column":"Location_1","alias":"Location_1","tableAlias":null}},{"type":"COLUMN","content":{"table":"FRAME672050","column":"Manufacturer_Name","alias":"Manufacturer_Name","tableAlias":null}},{"type":"COLUMN","content":{"table":"FRAME672050","column":"Nameplate_Model","alias":"Nameplate_Model","tableAlias":null}},{"type":"COLUMN","content":{"table":"FRAME672050","column":"NEWDEVICES","alias":"NEWDEVICES","tableAlias":null}},{"type":"COLUMN","content":{"table":"FRAME672050","column":"Past_Life_Expectancy","alias":"Past_Life_Expectancy","tableAlias":null}},{"type":"COLUMN","content":{"table":"FRAME672050","column":"Replacement_Date","alias":"Replacement_Date","tableAlias":null}},{"type":"COLUMN","content":{"table":"FRAME672050","column":"UniqueID","alias":"UniqueID","tableAlias":null}}]}}},{"type":"basic","task":{"taskType":"basic","id":"task3","numCollected":500,"internalOffset":0,"taskOptions":"{\"options\":{\"0\":{\"layout\":\"Column\",\"alignment\":{\"tooltip\":[],\"label\":[\"Device_Type\"],\"value\":[\"AverageofUniqueID\"],\"facet\":[]}}},\"ornament\":false}","qs":{"qsType":"FRAME","frameName":"FRAME672050","isDistinct":true,"overrideImplicit":false,"limit":500,"offset":0,"relations":"[]","groups":["{\"column\":\"PRIM_KEY_PLACEHOLDER\",\"table\":\"Device_Type\",\"alias\":\"\"}"],"selectors":[{"type":"COLUMN","content":{"table":"Device_Type","column":"PRIM_KEY_PLACEHOLDER","alias":"Device_Type","tableAlias":null}},{"type":"FUNCTION","content":{"alias":"AverageofUniqueID","function":"mean","distinct":false,"colCast":"","innerSelectors":[{"type":"COLUMN","content":{"table":"UniqueID","column":"PRIM_KEY_PLACEHOLDER","alias":"UniqueID","tableAlias":null}}]}}]}}},{"type":"basic","task":{"taskType":"basic","id":"task5","numCollected":500,"internalOffset":0,"taskOptions":"{\"options\":{\"0\":{\"layout\":\"Column\",\"alignment\":{\"tooltip\":[],\"label\":[\"Device_Type\"],\"value\":[\"CountofUniqueID\"],\"facet\":[]}}},\"ornament\":false}","qs":{"qsType":"FRAME","frameName":"FRAME672050","isDistinct":true,"overrideImplicit":false,"limit":500,"offset":0,"relations":"[]","groups":["{\"column\":\"PRIM_KEY_PLACEHOLDER\",\"table\":\"Device_Type\",\"alias\":\"\"}"],"selectors":[{"type":"COLUMN","content":{"table":"Device_Type","column":"PRIM_KEY_PLACEHOLDER","alias":"Device_Type","tableAlias":null}},{"type":"FUNCTION","content":{"alias":"CountofUniqueID","function":"count","distinct":false,"colCast":"","innerSelectors":[{"type":"COLUMN","content":{"table":"UniqueID","column":"PRIM_KEY_PLACEHOLDER","alias":"UniqueID","tableAlias":null}}]}}]}}},{"type":"basic","task":{"taskType":"basic","id":"task7","numCollected":500,"internalOffset":0,"taskOptions":"{\"options\":{\"0\":{\"layout\":\"Column\",\"alignment\":{\"label\":[\"Device_Type\"],\"value\":[\"CountofUniqueID\"]}}},\"ornament\":false}","qs":{"qsType":"FRAME","frameName":"FRAME672050","isDistinct":true,"overrideImplicit":false,"limit":500,"offset":0,"relations":"[]","groups":["{\"column\":\"PRIM_KEY_PLACEHOLDER\",\"table\":\"Device_Type\",\"alias\":\"\"}"],"orders":["{\"sortDir\":\"DESC\",\"column\":\"PRIM_KEY_PLACEHOLDER\",\"table\":\"CountofUniqueID\",\"alias\":\"\"}"],"selectors":[{"type":"COLUMN","content":{"table":"Device_Type","column":"PRIM_KEY_PLACEHOLDER","alias":"Device_Type","tableAlias":null}},{"type":"FUNCTION","content":{"alias":"CountofUniqueID","function":"count","distinct":false,"colCast":"","innerSelectors":[{"type":"COLUMN","content":{"table":"UniqueID","column":"PRIM_KEY_PLACEHOLDER","alias":"UniqueID","tableAlias":null}}]}}]}}},{"type":"basic","task":{"taskType":"basic","id":"task9","numCollected":500,"internalOffset":0,"taskOptions":"{\"options\":{\"1\":{\"layout\":\"Scatter\",\"alignment\":{\"series\":[],\"x\":[\"AverageofLife_Expectancy\"],\"y\":[\"AverageofAcquisition_Cost\"],\"z\":[],\"label\":[\"Device_Type\"],\"facet\":[]}}},\"ornament\":false}","qs":{"qsType":"FRAME","frameName":"FRAME672050","isDistinct":true,"overrideImplicit":false,"limit":500,"offset":0,"relations":"[]","groups":["{\"column\":\"PRIM_KEY_PLACEHOLDER\",\"table\":\"Device_Type\",\"alias\":\"\"}"],"selectors":[{"type":"COLUMN","content":{"table":"Device_Type","column":"PRIM_KEY_PLACEHOLDER","alias":"Device_Type","tableAlias":null}},{"type":"FUNCTION","content":{"alias":"AverageofLife_Expectancy","function":"mean","distinct":false,"colCast":"","innerSelectors":[{"type":"COLUMN","content":{"table":"Life_Expectancy","column":"PRIM_KEY_PLACEHOLDER","alias":"Life_Expectancy","tableAlias":null}}]}},{"type":"FUNCTION","content":{"alias":"AverageofAcquisition_Cost","function":"mean","distinct":false,"colCast":"","innerSelectors":[{"type":"COLUMN","content":{"table":"Acquisition_Cost","column":"PRIM_KEY_PLACEHOLDER","alias":"Acquisition_Cost","tableAlias":null}}]}}]}}},{"type":"basic","task":{"taskType":"basic","id":"task11","numCollected":500,"internalOffset":0,"taskOptions":"{\"options\":{\"1\":{\"layout\":\"Scatter\",\"alignment\":{\"series\":[],\"x\":[\"AverageofAcquisition_Cost\"],\"y\":[\"AverageofLife_Expectancy\"],\"z\":[],\"label\":[\"Device_Type\"],\"facet\":[]}}},\"ornament\":false}","qs":{"qsType":"FRAME","frameName":"FRAME672050","isDistinct":true,"overrideImplicit":false,"limit":500,"offset":0,"relations":"[]","groups":["{\"column\":\"PRIM_KEY_PLACEHOLDER\",\"table\":\"Device_Type\",\"alias\":\"\"}"],"selectors":[{"type":"COLUMN","content":{"table":"Device_Type","column":"PRIM_KEY_PLACEHOLDER","alias":"Device_Type","tableAlias":null}},{"type":"FUNCTION","content":{"alias":"AverageofAcquisition_Cost","function":"mean","distinct":false,"colCast":"","innerSelectors":[{"type":"COLUMN","content":{"table":"Acquisition_Cost","column":"PRIM_KEY_PLACEHOLDER","alias":"Acquisition_Cost","tableAlias":null}}]}},{"type":"FUNCTION","content":{"alias":"AverageofLife_Expectancy","function":"mean","distinct":false,"colCast":"","innerSelectors":[{"type":"COLUMN","content":{"table":"Life_Expectancy","column":"PRIM_KEY_PLACEHOLDER","alias":"Life_Expectancy","tableAlias":null}}]}}]}}},{"type":"basic","task":{"taskType":"basic","id":"task13","numCollected":500,"internalOffset":0,"taskOptions":"{\"options\":{\"1\":{\"layout\":\"Scatter\",\"alignment\":{\"series\":[],\"x\":[\"AverageofAcquisition_Cost\"],\"y\":[\"AverageofLife_Expectancy\"],\"z\":[\"AverageofUniqueID\"],\"label\":[\"Device_Type\"],\"facet\":[]}}},\"ornament\":false}","qs":{"qsType":"FRAME","frameName":"FRAME672050","isDistinct":true,"overrideImplicit":false,"limit":500,"offset":0,"relations":"[]","groups":["{\"column\":\"PRIM_KEY_PLACEHOLDER\",\"table\":\"Device_Type\",\"alias\":\"\"}"],"selectors":[{"type":"COLUMN","content":{"table":"Device_Type","column":"PRIM_KEY_PLACEHOLDER","alias":"Device_Type","tableAlias":null}},{"type":"FUNCTION","content":{"alias":"AverageofAcquisition_Cost","function":"mean","distinct":false,"colCast":"","innerSelectors":[{"type":"COLUMN","content":{"table":"Acquisition_Cost","column":"PRIM_KEY_PLACEHOLDER","alias":"Acquisition_Cost","tableAlias":null}}]}},{"type":"FUNCTION","content":{"alias":"AverageofLife_Expectancy","function":"mean","distinct":false,"colCast":"","innerSelectors":[{"type":"COLUMN","content":{"table":"Life_Expectancy","column":"PRIM_KEY_PLACEHOLDER","alias":"Life_Expectancy","tableAlias":null}}]}},{"type":"FUNCTION","content":{"alias":"AverageofUniqueID","function":"mean","distinct":false,"colCast":"","innerSelectors":[{"type":"COLUMN","content":{"table":"UniqueID","column":"PRIM_KEY_PLACEHOLDER","alias":"UniqueID","tableAlias":null}}]}}]}}},{"type":"basic","task":{"taskType":"basic","id":"task15","numCollected":500,"internalOffset":0,"taskOptions":"{\"options\":{\"1\":{\"layout\":\"Scatter\",\"alignment\":{\"series\":[],\"x\":[\"AverageofAcquisition_Cost\"],\"y\":[\"AverageofLife_Expectancy\"],\"z\":[\"CountofUniqueID\"],\"label\":[\"Device_Type\"],\"facet\":[]}}},\"ornament\":false}","qs":{"qsType":"FRAME","frameName":"FRAME672050","isDistinct":true,"overrideImplicit":false,"limit":500,"offset":0,"relations":"[]","groups":["{\"column\":\"PRIM_KEY_PLACEHOLDER\",\"table\":\"Device_Type\",\"alias\":\"\"}"],"selectors":[{"type":"COLUMN","content":{"table":"Device_Type","column":"PRIM_KEY_PLACEHOLDER","alias":"Device_Type","tableAlias":null}},{"type":"FUNCTION","content":{"alias":"AverageofAcquisition_Cost","function":"mean","distinct":false,"colCast":"","innerSelectors":[{"type":"COLUMN","content":{"table":"Acquisition_Cost","column":"PRIM_KEY_PLACEHOLDER","alias":"Acquisition_Cost","tableAlias":null}}]}},{"type":"FUNCTION","content":{"alias":"AverageofLife_Expectancy","function":"mean","distinct":false,"colCast":"","innerSelectors":[{"type":"COLUMN","content":{"table":"Life_Expectancy","column":"PRIM_KEY_PLACEHOLDER","alias":"Life_Expectancy","tableAlias":null}}]}},{"type":"FUNCTION","content":{"alias":"CountofUniqueID","function":"count","distinct":false,"colCast":"","innerSelectors":[{"type":"COLUMN","content":{"table":"UniqueID","column":"PRIM_KEY_PLACEHOLDER","alias":"UniqueID","tableAlias":null}}]}}]}}},{"type":"basic","task":{"taskType":"basic","id":"task17","numCollected":-1,"internalOffset":0,"taskOptions":"{\"options\":{\"1\":{\"layout\":\"Scatter\",\"alignment\":{\"x\":[\"AverageofAcquisition_Cost\"],\"y\":[\"AverageofLife_Expectancy\"],\"z\":[\"CountofUniqueID\"],\"label\":[\"Device_Type\"]}}},\"ornament\":false}","qs":{"qsType":"FRAME","frameName":"FRAME672050","isDistinct":true,"overrideImplicit":false,"limit":-1,"offset":0,"relations":"[]","groups":["{\"column\":\"PRIM_KEY_PLACEHOLDER\",\"table\":\"Device_Type\",\"alias\":\"\"}"],"selectors":[{"type":"COLUMN","content":{"table":"Device_Type","column":"PRIM_KEY_PLACEHOLDER","alias":"Device_Type","tableAlias":null}},{"type":"FUNCTION","content":{"alias":"AverageofAcquisition_Cost","function":"mean","distinct":false,"colCast":"","innerSelectors":[{"type":"COLUMN","content":{"table":"Acquisition_Cost","column":"PRIM_KEY_PLACEHOLDER","alias":"Acquisition_Cost","tableAlias":null}}]}},{"type":"FUNCTION","content":{"alias":"AverageofLife_Expectancy","function":"mean","distinct":false,"colCast":"","innerSelectors":[{"type":"COLUMN","content":{"table":"Life_Expectancy","column":"PRIM_KEY_PLACEHOLDER","alias":"Life_Expectancy","tableAlias":null}}]}},{"type":"FUNCTION","content":{"alias":"CountofUniqueID","function":"count","distinct":false,"colCast":"","innerSelectors":[{"type":"COLUMN","content":{"table":"UniqueID","column":"PRIM_KEY_PLACEHOLDER","alias":"UniqueID","tableAlias":null}}]}}]}}},{"type":"basic","task":{"taskType":"basic","id":"task19","numCollected":-1,"internalOffset":0,"taskOptions":"{\"options\":{\"0\":{\"layout\":\"Column\",\"alignment\":{\"label\":[\"Device_Type\"],\"value\":[\"CountofUniqueID\"]}}},\"ornament\":false}","qs":{"qsType":"FRAME","frameName":"FRAME672050","isDistinct":true,"overrideImplicit":false,"limit":-1,"offset":0,"relations":"[]","groups":["{\"column\":\"PRIM_KEY_PLACEHOLDER\",\"table\":\"Device_Type\",\"alias\":\"\"}"],"orders":["{\"sortDir\":\"DESC\",\"column\":\"PRIM_KEY_PLACEHOLDER\",\"table\":\"CountofUniqueID\",\"alias\":\"\"}"],"selectors":[{"type":"COLUMN","content":{"table":"Device_Type","column":"PRIM_KEY_PLACEHOLDER","alias":"Device_Type","tableAlias":null}},{"type":"FUNCTION","content":{"alias":"CountofUniqueID","function":"count","distinct":false,"colCast":"","innerSelectors":[{"type":"COLUMN","content":{"table":"UniqueID","column":"PRIM_KEY_PLACEHOLDER","alias":"UniqueID","tableAlias":null}}]}}]}}},{"type":"basic","task":{"taskType":"basic","id":"task21","numCollected":500,"internalOffset":0,"taskOptions":"{\"options\":{\"2\":{\"layout\":\"Line\",\"alignment\":{\"tooltip\":[],\"label\":[\"Replacement_Date\"],\"value\":[\"AverageofAcquisition_Cost\"],\"facet\":[]}}},\"ornament\":false}","qs":{"qsType":"FRAME","frameName":"FRAME672050","isDistinct":true,"overrideImplicit":false,"limit":500,"offset":0,"relations":"[]","groups":["{\"column\":\"PRIM_KEY_PLACEHOLDER\",\"table\":\"Replacement_Date\",\"alias\":\"\"}"],"selectors":[{"type":"COLUMN","content":{"table":"Replacement_Date","column":"PRIM_KEY_PLACEHOLDER","alias":"Replacement_Date","tableAlias":null}},{"type":"FUNCTION","content":{"alias":"AverageofAcquisition_Cost","function":"mean","distinct":false,"colCast":"","innerSelectors":[{"type":"COLUMN","content":{"table":"Acquisition_Cost","column":"PRIM_KEY_PLACEHOLDER","alias":"Acquisition_Cost","tableAlias":null}}]}}]}}},{"type":"basic","task":{"taskType":"basic","id":"task23","numCollected":500,"internalOffset":0,"taskOptions":"{\"options\":{\"2\":{\"layout\":\"Line\",\"alignment\":{\"tooltip\":[],\"label\":[\"Replacement_Date\"],\"value\":[\"SumofAcquisition_Cost\"],\"facet\":[]}}},\"ornament\":false}","qs":{"qsType":"FRAME","frameName":"FRAME672050","isDistinct":true,"overrideImplicit":false,"limit":500,"offset":0,"relations":"[]","groups":["{\"column\":\"PRIM_KEY_PLACEHOLDER\",\"table\":\"Replacement_Date\",\"alias\":\"\"}"],"selectors":[{"type":"COLUMN","content":{"table":"Replacement_Date","column":"PRIM_KEY_PLACEHOLDER","alias":"Replacement_Date","tableAlias":null}},{"type":"FUNCTION","content":{"alias":"SumofAcquisition_Cost","function":"sum","distinct":false,"colCast":"","innerSelectors":[{"type":"COLUMN","content":{"table":"Acquisition_Cost","column":"PRIM_KEY_PLACEHOLDER","alias":"Acquisition_Cost","tableAlias":null}}]}}]}}},{"type":"basic","task":{"taskType":"basic","id":"task25","numCollected":-1,"internalOffset":0,"taskOptions":"{\"options\":{\"2\":{\"layout\":\"Line\",\"alignment\":{\"label\":[\"Replacement_Date\"],\"value\":[\"SumofAcquisition_Cost\"]}}},\"ornament\":false}","qs":{"qsType":"FRAME","frameName":"FRAME672050","isDistinct":true,"overrideImplicit":false,"limit":-1,"offset":0,"relations":"[]","groups":["{\"column\":\"PRIM_KEY_PLACEHOLDER\",\"table\":\"Replacement_Date\",\"alias\":\"\"}"],"selectors":[{"type":"COLUMN","content":{"table":"Replacement_Date","column":"PRIM_KEY_PLACEHOLDER","alias":"Replacement_Date","tableAlias":null}},{"type":"FUNCTION","content":{"alias":"SumofAcquisition_Cost","function":"sum","distinct":false,"colCast":"","innerSelectors":[{"type":"COLUMN","content":{"table":"Acquisition_Cost","column":"PRIM_KEY_PLACEHOLDER","alias":"Acquisition_Cost","tableAlias":null}}]}}]}}},{"type":"basic","task":{"taskType":"basic","id":"task27","numCollected":-1,"internalOffset":0,"taskOptions":"{\"options\":{\"0\":{\"layout\":\"Column\",\"alignment\":{\"label\":[\"Device_Type\"],\"value\":[\"CountofUniqueID\"]}}},\"ornament\":false}","qs":{"qsType":"FRAME","frameName":"FRAME672050","isDistinct":true,"overrideImplicit":false,"limit":-1,"offset":0,"relations":"[]","groups":["{\"column\":\"PRIM_KEY_PLACEHOLDER\",\"table\":\"Device_Type\",\"alias\":\"\"}"],"orders":["{\"sortDir\":\"DESC\",\"column\":\"PRIM_KEY_PLACEHOLDER\",\"table\":\"CountofUniqueID\",\"alias\":\"\"}"],"selectors":[{"type":"COLUMN","content":{"table":"Device_Type","column":"PRIM_KEY_PLACEHOLDER","alias":"Device_Type","tableAlias":null}},{"type":"FUNCTION","content":{"alias":"CountofUniqueID","function":"count","distinct":false,"colCast":"","innerSelectors":[{"type":"COLUMN","content":{"table":"UniqueID","column":"PRIM_KEY_PLACEHOLDER","alias":"UniqueID","tableAlias":null}}]}}],"implicitFilters":["SIMPLE",{"left":{"pixelType":"COLUMN","class":"prerna.query.querystruct.selectors.QueryColumnSelector","value":[{"type":"COLUMN","content":{"table":"Device_Type","column":"PRIM_KEY_PLACEHOLDER","alias":"Device_Type","tableAlias":null}}],"opType":["OPERATION"]},"comparator":"==","right":{"pixelType":"CONST_STRING","class":"java.lang.String","value":["Dialysis"],"opType":["OPERATION"]}}]}}},{"type":"basic","task":{"taskType":"basic","id":"task29","numCollected":-1,"internalOffset":0,"taskOptions":"{\"options\":{\"1\":{\"layout\":\"Scatter\",\"alignment\":{\"x\":[\"AverageofAcquisition_Cost\"],\"y\":[\"AverageofLife_Expectancy\"],\"z\":[\"CountofUniqueID\"],\"label\":[\"Device_Type\"]}}},\"ornament\":false}","qs":{"qsType":"FRAME","frameName":"FRAME672050","isDistinct":true,"overrideImplicit":false,"limit":-1,"offset":0,"relations":"[]","groups":["{\"column\":\"PRIM_KEY_PLACEHOLDER\",\"table\":\"Device_Type\",\"alias\":\"\"}"],"selectors":[{"type":"COLUMN","content":{"table":"Device_Type","column":"PRIM_KEY_PLACEHOLDER","alias":"Device_Type","tableAlias":null}},{"type":"FUNCTION","content":{"alias":"AverageofAcquisition_Cost","function":"mean","distinct":false,"colCast":"","innerSelectors":[{"type":"COLUMN","content":{"table":"Acquisition_Cost","column":"PRIM_KEY_PLACEHOLDER","alias":"Acquisition_Cost","tableAlias":null}}]}},{"type":"FUNCTION","content":{"alias":"AverageofLife_Expectancy","function":"mean","distinct":false,"colCast":"","innerSelectors":[{"type":"COLUMN","content":{"table":"Life_Expectancy","column":"PRIM_KEY_PLACEHOLDER","alias":"Life_Expectancy","tableAlias":null}}]}},{"type":"FUNCTION","content":{"alias":"CountofUniqueID","function":"count","distinct":false,"colCast":"","innerSelectors":[{"type":"COLUMN","content":{"table":"UniqueID","column":"PRIM_KEY_PLACEHOLDER","alias":"UniqueID","tableAlias":null}}]}}],"implicitFilters":["SIMPLE",{"left":{"pixelType":"COLUMN","class":"prerna.query.querystruct.selectors.QueryColumnSelector","value":[{"type":"COLUMN","content":{"table":"Device_Type","column":"PRIM_KEY_PLACEHOLDER","alias":"Device_Type","tableAlias":null}}],"opType":["OPERATION"]},"comparator":"==","right":{"pixelType":"CONST_STRING","class":"java.lang.String","value":["Dialysis"],"opType":["OPERATION"]}}]}}},{"type":"basic","task":{"taskType":"basic","id":"task31","numCollected":-1,"internalOffset":0,"taskOptions":"{\"options\":{\"2\":{\"layout\":\"Line\",\"alignment\":{\"label\":[\"Replacement_Date\"],\"value\":[\"SumofAcquisition_Cost\"]}}},\"ornament\":false}","qs":{"qsType":"FRAME","frameName":"FRAME672050","isDistinct":true,"overrideImplicit":false,"limit":-1,"offset":0,"relations":"[]","groups":["{\"column\":\"PRIM_KEY_PLACEHOLDER\",\"table\":\"Replacement_Date\",\"alias\":\"\"}"],"selectors":[{"type":"COLUMN","content":{"table":"Replacement_Date","column":"PRIM_KEY_PLACEHOLDER","alias":"Replacement_Date","tableAlias":null}},{"type":"FUNCTION","content":{"alias":"SumofAcquisition_Cost","function":"sum","distinct":false,"colCast":"","innerSelectors":[{"type":"COLUMN","content":{"table":"Acquisition_Cost","column":"PRIM_KEY_PLACEHOLDER","alias":"Acquisition_Cost","tableAlias":null}}]}}],"implicitFilters":["SIMPLE",{"left":{"pixelType":"COLUMN","class":"prerna.query.querystruct.selectors.QueryColumnSelector","value":[{"type":"COLUMN","content":{"table":"Device_Type","column":"PRIM_KEY_PLACEHOLDER","alias":"Device_Type","tableAlias":null}}],"opType":["OPERATION"]},"comparator":"==","right":{"pixelType":"CONST_STRING","class":"java.lang.String","value":["Dialysis"],"opType":["OPERATION"]}}]}}},{"type":"basic","task":{"taskType":"basic","id":"task33","numCollected":-1,"internalOffset":0,"taskOptions":"{\"options\":{\"0\":{\"layout\":\"Column\",\"alignment\":{\"label\":[\"Device_Type\"],\"value\":[\"CountofUniqueID\"]}}},\"ornament\":false}","qs":{"qsType":"FRAME","frameName":"FRAME672050","isDistinct":true,"overrideImplicit":false,"limit":-1,"offset":0,"relations":"[]","groups":["{\"column\":\"PRIM_KEY_PLACEHOLDER\",\"table\":\"Device_Type\",\"alias\":\"\"}"],"orders":["{\"sortDir\":\"DESC\",\"column\":\"PRIM_KEY_PLACEHOLDER\",\"table\":\"CountofUniqueID\",\"alias\":\"\"}"],"selectors":[{"type":"COLUMN","content":{"table":"Device_Type","column":"PRIM_KEY_PLACEHOLDER","alias":"Device_Type","tableAlias":null}},{"type":"FUNCTION","content":{"alias":"CountofUniqueID","function":"count","distinct":false,"colCast":"","innerSelectors":[{"type":"COLUMN","content":{"table":"UniqueID","column":"PRIM_KEY_PLACEHOLDER","alias":"UniqueID","tableAlias":null}}]}}],"implicitFilters":["SIMPLE",{"left":{"pixelType":"COLUMN","class":"prerna.query.querystruct.selectors.QueryColumnSelector","value":[{"type":"COLUMN","content":{"table":"Device_Type","column":"PRIM_KEY_PLACEHOLDER","alias":"Device_Type","tableAlias":null}}],"opType":["OPERATION"]},"comparator":"==","right":{"pixelType":"CONST_STRING","class":"java.util.Vector","value":[["Dialysis","Bed"]],"opType":["OPERATION"]}}]}}},{"type":"basic","task":{"taskType":"basic","id":"task35","numCollected":-1,"internalOffset":0,"taskOptions":"{\"options\":{\"1\":{\"layout\":\"Scatter\",\"alignment\":{\"x\":[\"AverageofAcquisition_Cost\"],\"y\":[\"AverageofLife_Expectancy\"],\"z\":[\"CountofUniqueID\"],\"label\":[\"Device_Type\"]}}},\"ornament\":false}","qs":{"qsType":"FRAME","frameName":"FRAME672050","isDistinct":true,"overrideImplicit":false,"limit":-1,"offset":0,"relations":"[]","groups":["{\"column\":\"PRIM_KEY_PLACEHOLDER\",\"table\":\"Device_Type\",\"alias\":\"\"}"],"selectors":[{"type":"COLUMN","content":{"table":"Device_Type","column":"PRIM_KEY_PLACEHOLDER","alias":"Device_Type","tableAlias":null}},{"type":"FUNCTION","content":{"alias":"AverageofAcquisition_Cost","function":"mean","distinct":false,"colCast":"","innerSelectors":[{"type":"COLUMN","content":{"table":"Acquisition_Cost","column":"PRIM_KEY_PLACEHOLDER","alias":"Acquisition_Cost","tableAlias":null}}]}},{"type":"FUNCTION","content":{"alias":"AverageofLife_Expectancy","function":"mean","distinct":false,"colCast":"","innerSelectors":[{"type":"COLUMN","content":{"table":"Life_Expectancy","column":"PRIM_KEY_PLACEHOLDER","alias":"Life_Expectancy","tableAlias":null}}]}},{"type":"FUNCTION","content":{"alias":"CountofUniqueID","function":"count","distinct":false,"colCast":"","innerSelectors":[{"type":"COLUMN","content":{"table":"UniqueID","column":"PRIM_KEY_PLACEHOLDER","alias":"UniqueID","tableAlias":null}}]}}],"implicitFilters":["SIMPLE",{"left":{"pixelType":"COLUMN","class":"prerna.query.querystruct.selectors.QueryColumnSelector","value":[{"type":"COLUMN","content":{"table":"Device_Type","column":"PRIM_KEY_PLACEHOLDER","alias":"Device_Type","tableAlias":null}}],"opType":["OPERATION"]},"comparator":"==","right":{"pixelType":"CONST_STRING","class":"java.util.Vector","value":[["Dialysis","Bed"]],"opType":["OPERATION"]}}]}}},{"type":"basic","task":{"taskType":"basic","id":"task37","numCollected":-1,"internalOffset":0,"taskOptions":"{\"options\":{\"2\":{\"layout\":\"Line\",\"alignment\":{\"label\":[\"Replacement_Date\"],\"value\":[\"SumofAcquisition_Cost\"]}}},\"ornament\":false}","qs":{"qsType":"FRAME","frameName":"FRAME672050","isDistinct":true,"overrideImplicit":false,"limit":-1,"offset":0,"relations":"[]","groups":["{\"column\":\"PRIM_KEY_PLACEHOLDER\",\"table\":\"Replacement_Date\",\"alias\":\"\"}"],"selectors":[{"type":"COLUMN","content":{"table":"Replacement_Date","column":"PRIM_KEY_PLACEHOLDER","alias":"Replacement_Date","tableAlias":null}},{"type":"FUNCTION","content":{"alias":"SumofAcquisition_Cost","function":"sum","distinct":false,"colCast":"","innerSelectors":[{"type":"COLUMN","content":{"table":"Acquisition_Cost","column":"PRIM_KEY_PLACEHOLDER","alias":"Acquisition_Cost","tableAlias":null}}]}}],"implicitFilters":["SIMPLE",{"left":{"pixelType":"COLUMN","class":"prerna.query.querystruct.selectors.QueryColumnSelector","value":[{"type":"COLUMN","content":{"table":"Device_Type","column":"PRIM_KEY_PLACEHOLDER","alias":"Device_Type","tableAlias":null}}],"opType":["OPERATION"]},"comparator":"==","right":{"pixelType":"CONST_STRING","class":"java.util.Vector","value":[["Dialysis","Bed"]],"opType":["OPERATION"]}}]}}},{"type":"basic","task":{"taskType":"basic","id":"task39","numCollected":-1,"internalOffset":0,"taskOptions":"{\"options\":{\"0\":{\"layout\":\"Column\",\"alignment\":{\"label\":[\"Device_Type\"],\"value\":[\"CountofUniqueID\"]}}},\"ornament\":false}","qs":{"qsType":"FRAME","frameName":"FRAME672050","isDistinct":true,"overrideImplicit":false,"limit":-1,"offset":0,"relations":"[]","groups":["{\"column\":\"PRIM_KEY_PLACEHOLDER\",\"table\":\"Device_Type\",\"alias\":\"\"}"],"orders":["{\"sortDir\":\"DESC\",\"column\":\"PRIM_KEY_PLACEHOLDER\",\"table\":\"CountofUniqueID\",\"alias\":\"\"}"],"selectors":[{"type":"COLUMN","content":{"table":"Device_Type","column":"PRIM_KEY_PLACEHOLDER","alias":"Device_Type","tableAlias":null}},{"type":"FUNCTION","content":{"alias":"CountofUniqueID","function":"count","distinct":false,"colCast":"","innerSelectors":[{"type":"COLUMN","content":{"table":"UniqueID","column":"PRIM_KEY_PLACEHOLDER","alias":"UniqueID","tableAlias":null}}]}}],"implicitFilters":["SIMPLE",{"left":{"pixelType":"COLUMN","class":"prerna.query.querystruct.selectors.QueryColumnSelector","value":[{"type":"COLUMN","content":{"table":"Device_Type","column":"PRIM_KEY_PLACEHOLDER","alias":"Device_Type","tableAlias":null}}],"opType":["OPERATION"]},"comparator":"==","right":{"pixelType":"CONST_STRING","class":"java.util.Vector","value":[["Bed","Dialysis","Monitor"]],"opType":["OPERATION"]}}]}}},{"type":"basic","task":{"taskType":"basic","id":"task41","numCollected":-1,"internalOffset":0,"taskOptions":"{\"options\":{\"1\":{\"layout\":\"Scatter\",\"alignment\":{\"x\":[\"AverageofAcquisition_Cost\"],\"y\":[\"AverageofLife_Expectancy\"],\"z\":[\"CountofUniqueID\"],\"label\":[\"Device_Type\"]}}},\"ornament\":false}","qs":{"qsType":"FRAME","frameName":"FRAME672050","isDistinct":true,"overrideImplicit":false,"limit":-1,"offset":0,"relations":"[]","groups":["{\"column\":\"PRIM_KEY_PLACEHOLDER\",\"table\":\"Device_Type\",\"alias\":\"\"}"],"selectors":[{"type":"COLUMN","content":{"table":"Device_Type","column":"PRIM_KEY_PLACEHOLDER","alias":"Device_Type","tableAlias":null}},{"type":"FUNCTION","content":{"alias":"AverageofAcquisition_Cost","function":"mean","distinct":false,"colCast":"","innerSelectors":[{"type":"COLUMN","content":{"table":"Acquisition_Cost","column":"PRIM_KEY_PLACEHOLDER","alias":"Acquisition_Cost","tableAlias":null}}]}},{"type":"FUNCTION","content":{"alias":"AverageofLife_Expectancy","function":"mean","distinct":false,"colCast":"","innerSelectors":[{"type":"COLUMN","content":{"table":"Life_Expectancy","column":"PRIM_KEY_PLACEHOLDER","alias":"Life_Expectancy","tableAlias":null}}]}},{"type":"FUNCTION","content":{"alias":"CountofUniqueID","function":"count","distinct":false,"colCast":"","innerSelectors":[{"type":"COLUMN","content":{"table":"UniqueID","column":"PRIM_KEY_PLACEHOLDER","alias":"UniqueID","tableAlias":null}}]}}],"implicitFilters":["SIMPLE",{"left":{"pixelType":"COLUMN","class":"prerna.query.querystruct.selectors.QueryColumnSelector","value":[{"type":"COLUMN","content":{"table":"Device_Type","column":"PRIM_KEY_PLACEHOLDER","alias":"Device_Type","tableAlias":null}}],"opType":["OPERATION"]},"comparator":"==","right":{"pixelType":"CONST_STRING","class":"java.util.Vector","value":[["Bed","Dialysis","Monitor"]],"opType":["OPERATION"]}}]}}},{"type":"basic","task":{"taskType":"basic","id":"task43","numCollected":-1,"internalOffset":0,"taskOptions":"{\"options\":{\"2\":{\"layout\":\"Line\",\"alignment\":{\"label\":[\"Replacement_Date\"],\"value\":[\"SumofAcquisition_Cost\"]}}},\"ornament\":false}","qs":{"qsType":"FRAME","frameName":"FRAME672050","isDistinct":true,"overrideImplicit":false,"limit":-1,"offset":0,"relations":"[]","groups":["{\"column\":\"PRIM_KEY_PLACEHOLDER\",\"table\":\"Replacement_Date\",\"alias\":\"\"}"],"selectors":[{"type":"COLUMN","content":{"table":"Replacement_Date","column":"PRIM_KEY_PLACEHOLDER","alias":"Replacement_Date","tableAlias":null}},{"type":"FUNCTION","content":{"alias":"SumofAcquisition_Cost","function":"sum","distinct":false,"colCast":"","innerSelectors":[{"type":"COLUMN","content":{"table":"Acquisition_Cost","column":"PRIM_KEY_PLACEHOLDER","alias":"Acquisition_Cost","tableAlias":null}}]}}],"implicitFilters":["SIMPLE",{"left":{"pixelType":"COLUMN","class":"prerna.query.querystruct.selectors.QueryColumnSelector","value":[{"type":"COLUMN","content":{"table":"Device_Type","column":"PRIM_KEY_PLACEHOLDER","alias":"Device_Type","tableAlias":null}}],"opType":["OPERATION"]},"comparator":"==","right":{"pixelType":"CONST_STRING","class":"java.util.Vector","value":[["Bed","Dialysis","Monitor"]],"opType":["OPERATION"]}}]}}},{"type":"basic","task":{"taskType":"basic","id":"task45","numCollected":-1,"internalOffset":0,"taskOptions":"{\"options\":{\"0\":{\"layout\":\"Column\",\"alignment\":{\"label\":[\"Device_Type\"],\"value\":[\"CountofUniqueID\"]}}},\"ornament\":false}","qs":{"qsType":"FRAME","frameName":"FRAME672050","isDistinct":true,"overrideImplicit":false,"limit":-1,"offset":0,"relations":"[]","groups":["{\"column\":\"PRIM_KEY_PLACEHOLDER\",\"table\":\"Device_Type\",\"alias\":\"\"}"],"orders":["{\"sortDir\":\"DESC\",\"column\":\"PRIM_KEY_PLACEHOLDER\",\"table\":\"CountofUniqueID\",\"alias\":\"\"}"],"selectors":[{"type":"COLUMN","content":{"table":"Device_Type","column":"PRIM_KEY_PLACEHOLDER","alias":"Device_Type","tableAlias":null}},{"type":"FUNCTION","content":{"alias":"CountofUniqueID","function":"count","distinct":false,"colCast":"","innerSelectors":[{"type":"COLUMN","content":{"table":"UniqueID","column":"PRIM_KEY_PLACEHOLDER","alias":"UniqueID","tableAlias":null}}]}}]}}},{"type":"basic","task":{"taskType":"basic","id":"task47","numCollected":-1,"internalOffset":0,"taskOptions":"{\"options\":{\"1\":{\"layout\":\"Scatter\",\"alignment\":{\"x\":[\"AverageofAcquisition_Cost\"],\"y\":[\"AverageofLife_Expectancy\"],\"z\":[\"CountofUniqueID\"],\"label\":[\"Device_Type\"]}}},\"ornament\":false}","qs":{"qsType":"FRAME","frameName":"FRAME672050","isDistinct":true,"overrideImplicit":false,"limit":-1,"offset":0,"relations":"[]","groups":["{\"column\":\"PRIM_KEY_PLACEHOLDER\",\"table\":\"Device_Type\",\"alias\":\"\"}"],"selectors":[{"type":"COLUMN","content":{"table":"Device_Type","column":"PRIM_KEY_PLACEHOLDER","alias":"Device_Type","tableAlias":null}},{"type":"FUNCTION","content":{"alias":"AverageofAcquisition_Cost","function":"mean","distinct":false,"colCast":"","innerSelectors":[{"type":"COLUMN","content":{"table":"Acquisition_Cost","column":"PRIM_KEY_PLACEHOLDER","alias":"Acquisition_Cost","tableAlias":null}}]}},{"type":"FUNCTION","content":{"alias":"AverageofLife_Expectancy","function":"mean","distinct":false,"colCast":"","innerSelectors":[{"type":"COLUMN","content":{"table":"Life_Expectancy","column":"PRIM_KEY_PLACEHOLDER","alias":"Life_Expectancy","tableAlias":null}}]}},{"type":"FUNCTION","content":{"alias":"CountofUniqueID","function":"count","distinct":false,"colCast":"","innerSelectors":[{"type":"COLUMN","content":{"table":"UniqueID","column":"PRIM_KEY_PLACEHOLDER","alias":"UniqueID","tableAlias":null}}]}}]}}},{"type":"basic","task":{"taskType":"basic","id":"task49","numCollected":-1,"internalOffset":0,"taskOptions":"{\"options\":{\"2\":{\"layout\":\"Line\",\"alignment\":{\"label\":[\"Replacement_Date\"],\"value\":[\"SumofAcquisition_Cost\"]}}},\"ornament\":false}","qs":{"qsType":"FRAME","frameName":"FRAME672050","isDistinct":true,"overrideImplicit":false,"limit":-1,"offset":0,"relations":"[]","groups":["{\"column\":\"PRIM_KEY_PLACEHOLDER\",\"table\":\"Replacement_Date\",\"alias\":\"\"}"],"selectors":[{"type":"COLUMN","content":{"table":"Replacement_Date","column":"PRIM_KEY_PLACEHOLDER","alias":"Replacement_Date","tableAlias":null}},{"type":"FUNCTION","content":{"alias":"SumofAcquisition_Cost","function":"sum","distinct":false,"colCast":"","innerSelectors":[{"type":"COLUMN","content":{"table":"Acquisition_Cost","column":"PRIM_KEY_PLACEHOLDER","alias":"Acquisition_Cost","tableAlias":null}}]}}]}}},{"type":"basic","task":{"taskType":"basic","id":"task51","numCollected":-1,"internalOffset":0,"taskOptions":"{\"options\":{\"0\":{\"layout\":\"Column\",\"alignment\":{\"label\":[\"Device_Type\"],\"value\":[\"CountofUniqueID\"]}}},\"ornament\":false}","qs":{"qsType":"FRAME","frameName":"FRAME672050","isDistinct":true,"overrideImplicit":false,"limit":-1,"offset":0,"relations":"[]","groups":["{\"column\":\"PRIM_KEY_PLACEHOLDER\",\"table\":\"Device_Type\",\"alias\":\"\"}"],"orders":["{\"sortDir\":\"DESC\",\"column\":\"PRIM_KEY_PLACEHOLDER\",\"table\":\"CountofUniqueID\",\"alias\":\"\"}"],"selectors":[{"type":"COLUMN","content":{"table":"Device_Type","column":"PRIM_KEY_PLACEHOLDER","alias":"Device_Type","tableAlias":null}},{"type":"FUNCTION","content":{"alias":"CountofUniqueID","function":"count","distinct":false,"colCast":"","innerSelectors":[{"type":"COLUMN","content":{"table":"UniqueID","column":"PRIM_KEY_PLACEHOLDER","alias":"UniqueID","tableAlias":null}}]}}],"implicitFilters":["SIMPLE",{"left":{"pixelType":"COLUMN","class":"prerna.query.querystruct.selectors.QueryColumnSelector","value":[{"type":"COLUMN","content":{"table":"Device_Type","column":"PRIM_KEY_PLACEHOLDER","alias":"Device_Type","tableAlias":null}}],"opType":["OPERATION"]},"comparator":"==","right":{"pixelType":"CONST_STRING","class":"java.lang.String","value":["Monitor"],"opType":["OPERATION"]}}]}}},{"type":"basic","task":{"taskType":"basic","id":"task53","numCollected":-1,"internalOffset":0,"taskOptions":"{\"options\":{\"1\":{\"layout\":\"Scatter\",\"alignment\":{\"x\":[\"AverageofAcquisition_Cost\"],\"y\":[\"AverageofLife_Expectancy\"],\"z\":[\"CountofUniqueID\"],\"label\":[\"Device_Type\"]}}},\"ornament\":false}","qs":{"qsType":"FRAME","frameName":"FRAME672050","isDistinct":true,"overrideImplicit":false,"limit":-1,"offset":0,"relations":"[]","groups":["{\"column\":\"PRIM_KEY_PLACEHOLDER\",\"table\":\"Device_Type\",\"alias\":\"\"}"],"selectors":[{"type":"COLUMN","content":{"table":"Device_Type","column":"PRIM_KEY_PLACEHOLDER","alias":"Device_Type","tableAlias":null}},{"type":"FUNCTION","content":{"alias":"AverageofAcquisition_Cost","function":"mean","distinct":false,"colCast":"","innerSelectors":[{"type":"COLUMN","content":{"table":"Acquisition_Cost","column":"PRIM_KEY_PLACEHOLDER","alias":"Acquisition_Cost","tableAlias":null}}]}},{"type":"FUNCTION","content":{"alias":"AverageofLife_Expectancy","function":"mean","distinct":false,"colCast":"","innerSelectors":[{"type":"COLUMN","content":{"table":"Life_Expectancy","column":"PRIM_KEY_PLACEHOLDER","alias":"Life_Expectancy","tableAlias":null}}]}},{"type":"FUNCTION","content":{"alias":"CountofUniqueID","function":"count","distinct":false,"colCast":"","innerSelectors":[{"type":"COLUMN","content":{"table":"UniqueID","column":"PRIM_KEY_PLACEHOLDER","alias":"UniqueID","tableAlias":null}}]}}],"implicitFilters":["SIMPLE",{"left":{"pixelType":"COLUMN","class":"prerna.query.querystruct.selectors.QueryColumnSelector","value":[{"type":"COLUMN","content":{"table":"Device_Type","column":"PRIM_KEY_PLACEHOLDER","alias":"Device_Type","tableAlias":null}}],"opType":["OPERATION"]},"comparator":"==","right":{"pixelType":"CONST_STRING","class":"java.lang.String","value":["Monitor"],"opType":["OPERATION"]}}]}}},{"type":"basic","task":{"taskType":"basic","id":"task55","numCollected":-1,"internalOffset":0,"taskOptions":"{\"options\":{\"2\":{\"layout\":\"Line\",\"alignment\":{\"label\":[\"Replacement_Date\"],\"value\":[\"SumofAcquisition_Cost\"]}}},\"ornament\":false}","qs":{"qsType":"FRAME","frameName":"FRAME672050","isDistinct":true,"overrideImplicit":false,"limit":-1,"offset":0,"relations":"[]","groups":["{\"column\":\"PRIM_KEY_PLACEHOLDER\",\"table\":\"Replacement_Date\",\"alias\":\"\"}"],"selectors":[{"type":"COLUMN","content":{"table":"Replacement_Date","column":"PRIM_KEY_PLACEHOLDER","alias":"Replacement_Date","tableAlias":null}},{"type":"FUNCTION","content":{"alias":"SumofAcquisition_Cost","function":"sum","distinct":false,"colCast":"","innerSelectors":[{"type":"COLUMN","content":{"table":"Acquisition_Cost","column":"PRIM_KEY_PLACEHOLDER","alias":"Acquisition_Cost","tableAlias":null}}]}}],"implicitFilters":["SIMPLE",{"left":{"pixelType":"COLUMN","class":"prerna.query.querystruct.selectors.QueryColumnSelector","value":[{"type":"COLUMN","content":{"table":"Device_Type","column":"PRIM_KEY_PLACEHOLDER","alias":"Device_Type","tableAlias":null}}],"opType":["OPERATION"]},"comparator":"==","right":{"pixelType":"CONST_STRING","class":"java.lang.String","value":["Monitor"],"opType":["OPERATION"]}}]}}},{"type":"basic","task":{"taskType":"basic","id":"task57","numCollected":-1,"internalOffset":0,"taskOptions":"{\"options\":{\"0\":{\"layout\":\"Column\",\"alignment\":{\"label\":[\"Device_Type\"],\"value\":[\"CountofUniqueID\"]}}},\"ornament\":false}","qs":{"qsType":"FRAME","frameName":"FRAME672050","isDistinct":true,"overrideImplicit":false,"limit":-1,"offset":0,"relations":"[]","groups":["{\"column\":\"PRIM_KEY_PLACEHOLDER\",\"table\":\"Device_Type\",\"alias\":\"\"}"],"orders":["{\"sortDir\":\"DESC\",\"column\":\"PRIM_KEY_PLACEHOLDER\",\"table\":\"CountofUniqueID\",\"alias\":\"\"}"],"selectors":[{"type":"COLUMN","content":{"table":"Device_Type","column":"PRIM_KEY_PLACEHOLDER","alias":"Device_Type","tableAlias":null}},{"type":"FUNCTION","content":{"alias":"CountofUniqueID","function":"count","distinct":false,"colCast":"","innerSelectors":[{"type":"COLUMN","content":{"table":"UniqueID","column":"PRIM_KEY_PLACEHOLDER","alias":"UniqueID","tableAlias":null}}]}}]}}},{"type":"basic","task":{"taskType":"basic","id":"task59","numCollected":-1,"internalOffset":0,"taskOptions":"{\"options\":{\"1\":{\"layout\":\"Scatter\",\"alignment\":{\"x\":[\"AverageofAcquisition_Cost\"],\"y\":[\"AverageofLife_Expectancy\"],\"z\":[\"CountofUniqueID\"],\"label\":[\"Device_Type\"]}}},\"ornament\":false}","qs":{"qsType":"FRAME","frameName":"FRAME672050","isDistinct":true,"overrideImplicit":false,"limit":-1,"offset":0,"relations":"[]","groups":["{\"column\":\"PRIM_KEY_PLACEHOLDER\",\"table\":\"Device_Type\",\"alias\":\"\"}"],"selectors":[{"type":"COLUMN","content":{"table":"Device_Type","column":"PRIM_KEY_PLACEHOLDER","alias":"Device_Type","tableAlias":null}},{"type":"FUNCTION","content":{"alias":"AverageofAcquisition_Cost","function":"mean","distinct":false,"colCast":"","innerSelectors":[{"type":"COLUMN","content":{"table":"Acquisition_Cost","column":"PRIM_KEY_PLACEHOLDER","alias":"Acquisition_Cost","tableAlias":null}}]}},{"type":"FUNCTION","content":{"alias":"AverageofLife_Expectancy","function":"mean","distinct":false,"colCast":"","innerSelectors":[{"type":"COLUMN","content":{"table":"Life_Expectancy","column":"PRIM_KEY_PLACEHOLDER","alias":"Life_Expectancy","tableAlias":null}}]}},{"type":"FUNCTION","content":{"alias":"CountofUniqueID","function":"count","distinct":false,"colCast":"","innerSelectors":[{"type":"COLUMN","content":{"table":"UniqueID","column":"PRIM_KEY_PLACEHOLDER","alias":"UniqueID","tableAlias":null}}]}}]}}},{"type":"basic","task":{"taskType":"basic","id":"task61","numCollected":-1,"internalOffset":0,"taskOptions":"{\"options\":{\"2\":{\"layout\":\"Line\",\"alignment\":{\"label\":[\"Replacement_Date\"],\"value\":[\"SumofAcquisition_Cost\"]}}},\"ornament\":false}","qs":{"qsType":"FRAME","frameName":"FRAME672050","isDistinct":true,"overrideImplicit":false,"limit":-1,"offset":0,"relations":"[]","groups":["{\"column\":\"PRIM_KEY_PLACEHOLDER\",\"table\":\"Replacement_Date\",\"alias\":\"\"}"],"selectors":[{"type":"COLUMN","content":{"table":"Replacement_Date","column":"PRIM_KEY_PLACEHOLDER","alias":"Replacement_Date","tableAlias":null}},{"type":"FUNCTION","content":{"alias":"SumofAcquisition_Cost","function":"sum","distinct":false,"colCast":"","innerSelectors":[{"type":"COLUMN","content":{"table":"Acquisition_Cost","column":"PRIM_KEY_PLACEHOLDER","alias":"Acquisition_Cost","tableAlias":null}}]}}]}}}],"taskCounter":62},"recipe":["AddPanel ( 0 ) ;","Panel ( 0 ) | AddPanelConfig ( config = [ { \"config\" : { \"type\" : \"STANDARD\" , \"opacity\" : 100 } } ] ) ;","Panel ( 0 ) | AddPanelEvents ( { \"onSingleClick\" : { \"Unfilter\" : [ { \"panel\" : \"\" , \"query\" : \"<encode>UnfilterFrame(<SelectedColumn>);</encode>\" , \"options\" : { } , \"refresh\" : false , \"default\" : true , \"disabledVisuals\" : [ \"Grid\" , \"Sunburst\" ] , \"disabled\" : false } ] } , \"onBrush\" : { \"Filter\" : [ { \"panel\" : \"\" , \"query\" : \"<encode>if(IsEmpty(<SelectedValues>), UnfilterFrame(<SelectedColumn>), SetFrameFilter(<SelectedColumn>==<SelectedValues>));</encode>\" , \"options\" : { } , \"refresh\" : false , \"default\" : true , \"disabled\" : false } ] } } ) ;","Panel ( 0 ) | RetrievePanelEvents ( ) ;","Panel ( 0 ) | SetPanelView ( \"visualization\" , \"<encode>{\"type\":\"echarts\"}</encode>\" ) ;","Panel ( 0 ) | SetPanelView ( \"federate-view\" , \"<encode>{\"app_id\":\"952840cf-0fd0-4290-8b26-789f522ab721\"}</encode>\" ) ;","CreateFrame ( frameType = [ GRID ] ) .as ( [ 'FRAME672050' ] ) ;","Database ( database = [ \"952840cf-0fd0-4290-8b26-789f522ab721\" ] ) | Select ( NEWDEVICES , NEWDEVICES__Acquisition_Cost , NEWDEVICES__Acquisition_Date , NEWDEVICES__Common_Model , NEWDEVICES__Connector_Compatible , NEWDEVICES__Device_Class , NEWDEVICES__Device_Type , NEWDEVICES__EHR_Compatible , NEWDEVICES__Equipment_Nomenclature , NEWDEVICES__Fiscal_Quarter_EOL , NEWDEVICES__Fiscal_Year_EOL , NEWDEVICES__Life_Expectancy , NEWDEVICES__Location_1 , NEWDEVICES__Manufacturer_Name , NEWDEVICES__Nameplate_Model , NEWDEVICES__Past_Life_Expectancy , NEWDEVICES__Replacement_Date , NEWDEVICES__UniqueID ) .as ( [ NEWDEVICES , Acquisition_Cost , Acquisition_Date , Common_Model , Connector_Compatible , Device_Class , Device_Type , EHR_Compatible , Equipment_Nomenclature , Fiscal_Quarter_EOL , Fiscal_Year_EOL , Life_Expectancy , Location_1 , Manufacturer_Name , Nameplate_Model , Past_Life_Expectancy , Replacement_Date , UniqueID ] ) | Import ( ) ;","Panel ( 0 ) | SetPanelView ( \"visualization\" ) ;","Frame ( ) | QueryAll ( ) | AutoTaskOptions ( panel = [ \"0\" ] , layout = [ \"Grid\" ] ) | Collect ( 500 ) ;","if ( ( HasDuplicates ( Device_Type ) ) , ( Frame ( ) | Select ( Device_Type , Average ( UniqueID ) ) .as ( [ Device_Type , AverageofUniqueID ] ) | Group ( Device_Type ) | With ( Panel ( 0 ) ) | Format ( type = [ 'table' ] ) | TaskOptions ( { \"0\" : { \"layout\" : \"Column\" , \"alignment\" : { \"label\" : [ \"Device_Type\" ] , \"value\" : [ \"AverageofUniqueID\" ] , \"tooltip\" : [ ] , \"facet\" : [ ] } } } ) | Collect ( 500 ) ) , ( Frame ( ) | Select ( Device_Type , UniqueID ) .as ( [ Device_Type , UniqueID ] ) | With ( Panel ( 0 ) ) | Format ( type = [ 'table' ] ) | TaskOptions ( { \"0\" : { \"layout\" : \"Column\" , \"alignment\" : { \"label\" : [ \"Device_Type\" ] , \"value\" : [ \"UniqueID\" ] , \"tooltip\" : [ ] , \"facet\" : [ ] } } } ) | Collect ( 500 ) ) ) ;","if ( ( HasDuplicates ( Device_Type ) ) , ( Frame ( ) | Select ( Device_Type , Count ( UniqueID ) ) .as ( [ Device_Type , CountofUniqueID ] ) | Group ( Device_Type ) | With ( Panel ( 0 ) ) | Format ( type = [ 'table' ] ) | TaskOptions ( { \"0\" : { \"layout\" : \"Column\" , \"alignment\" : { \"label\" : [ \"Device_Type\" ] , \"value\" : [ \"CountofUniqueID\" ] , \"tooltip\" : [ ] , \"facet\" : [ ] } } } ) | Collect ( 500 ) ) , ( Frame ( ) | Select ( Device_Type , UniqueID ) .as ( [ Device_Type , UniqueID ] ) | With ( Panel ( 0 ) ) | Format ( type = [ 'table' ] ) | TaskOptions ( { \"0\" : { \"layout\" : \"Column\" , \"alignment\" : { \"label\" : [ \"Device_Type\" ] , \"value\" : [ \"UniqueID\" ] , \"tooltip\" : [ ] , \"facet\" : [ ] } } } ) | Collect ( 500 ) ) ) ;","Panel ( 0 ) | UnsortPanel ( ) ;","Frame ( ) | Select ( Device_Type , Count ( UniqueID ) ) .as ( [ Device_Type , CountofUniqueID ] ) | Group ( Device_Type ) | Sort ( columns = [ \"CountofUniqueID\" ] , sort = [ \"desc\" ] ) | With ( Panel ( 0 ) ) | Format ( type = [ 'table' ] ) | TaskOptions ( { \"0\" : { \"layout\" : \"Column\" , \"alignment\" : { \"label\" : [ \"Device_Type\" ] , \"value\" : [ \"CountofUniqueID\" ] } } } ) | Collect ( 500 ) ;","Panel ( 0 ) | AddPanelOrnaments ( { \"tools\" : { \"shared\" : { \"rotateAxis\" : true } } } ) ;","Panel ( 0 ) | RetrievePanelOrnaments ( \"tools.shared.rotateAxis\" ) ;","Panel ( 0 ) | Clone ( 1 ) ;","if ( ( HasDuplicates ( Device_Type ) ) , ( Frame ( ) | Select ( Device_Type , Average ( Life_Expectancy ) , Average ( Acquisition_Cost ) ) .as ( [ Device_Type , AverageofLife_Expectancy , AverageofAcquisition_Cost ] ) | Group ( Device_Type ) | With ( Panel ( 1 ) ) | Format ( type = [ 'table' ] ) | TaskOptions ( { \"1\" : { \"layout\" : \"Scatter\" , \"alignment\" : { \"label\" : [ \"Device_Type\" ] , \"x\" : [ \"AverageofLife_Expectancy\" ] , \"y\" : [ \"AverageofAcquisition_Cost\" ] , \"z\" : [ ] , \"series\" : [ ] , \"facet\" : [ ] } } } ) | Collect ( 500 ) ) , ( Frame ( ) | Select ( Device_Type , Life_Expectancy , Acquisition_Cost ) .as ( [ Device_Type , Life_Expectancy , Acquisition_Cost ] ) | With ( Panel ( 1 ) ) | Format ( type = [ 'table' ] ) | TaskOptions ( { \"1\" : { \"layout\" : \"Scatter\" , \"alignment\" : { \"label\" : [ \"Device_Type\" ] , \"x\" : [ \"Life_Expectancy\" ] , \"y\" : [ \"Acquisition_Cost\" ] , \"z\" : [ ] , \"series\" : [ ] , \"facet\" : [ ] } } } ) | Collect ( 500 ) ) ) ;","if ( ( HasDuplicates ( Device_Type ) ) , ( Frame ( ) | Select ( Device_Type , Average ( Acquisition_Cost ) , Average ( Life_Expectancy ) ) .as ( [ Device_Type , AverageofAcquisition_Cost , AverageofLife_Expectancy ] ) | Group ( Device_Type ) | With ( Panel ( 1 ) ) | Format ( type = [ 'table' ] ) | TaskOptions ( { \"1\" : { \"layout\" : \"Scatter\" , \"alignment\" : { \"label\" : [ \"Device_Type\" ] , \"x\" : [ \"AverageofAcquisition_Cost\" ] , \"y\" : [ \"AverageofLife_Expectancy\" ] , \"z\" : [ ] , \"series\" : [ ] , \"facet\" : [ ] } } } ) | Collect ( 500 ) ) , ( Frame ( ) | Select ( Device_Type , Acquisition_Cost , Life_Expectancy ) .as ( [ Device_Type , Acquisition_Cost , Life_Expectancy ] ) | With ( Panel ( 1 ) ) | Format ( type = [ 'table' ] ) | TaskOptions ( { \"1\" : { \"layout\" : \"Scatter\" , \"alignment\" : { \"label\" : [ \"Device_Type\" ] , \"x\" : [ \"Acquisition_Cost\" ] , \"y\" : [ \"Life_Expectancy\" ] , \"z\" : [ ] , \"series\" : [ ] , \"facet\" : [ ] } } } ) | Collect ( 500 ) ) ) ;","if ( ( HasDuplicates ( Device_Type ) ) , ( Frame ( ) | Select ( Device_Type , Average ( Acquisition_Cost ) , Average ( Life_Expectancy ) , Average ( UniqueID ) ) .as ( [ Device_Type , AverageofAcquisition_Cost , AverageofLife_Expectancy , AverageofUniqueID ] ) | Group ( Device_Type ) | With ( Panel ( 1 ) ) | Format ( type = [ 'table' ] ) | TaskOptions ( { \"1\" : { \"layout\" : \"Scatter\" , \"alignment\" : { \"label\" : [ \"Device_Type\" ] , \"x\" : [ \"AverageofAcquisition_Cost\" ] , \"y\" : [ \"AverageofLife_Expectancy\" ] , \"z\" : [ \"AverageofUniqueID\" ] , \"series\" : [ ] , \"facet\" : [ ] } } } ) | Collect ( 500 ) ) , ( Frame ( ) | Select ( Device_Type , Acquisition_Cost , Life_Expectancy , UniqueID ) .as ( [ Device_Type , Acquisition_Cost , Life_Expectancy , UniqueID ] ) | With ( Panel ( 1 ) ) | Format ( type = [ 'table' ] ) | TaskOptions ( { \"1\" : { \"layout\" : \"Scatter\" , \"alignment\" : { \"label\" : [ \"Device_Type\" ] , \"x\" : [ \"Acquisition_Cost\" ] , \"y\" : [ \"Life_Expectancy\" ] , \"z\" : [ \"UniqueID\" ] , \"series\" : [ ] , \"facet\" : [ ] } } } ) | Collect ( 500 ) ) ) ;","if ( ( HasDuplicates ( Device_Type ) ) , ( Frame ( ) | Select ( Device_Type , Average ( Acquisition_Cost ) , Average ( Life_Expectancy ) , Count ( UniqueID ) ) .as ( [ Device_Type , AverageofAcquisition_Cost , AverageofLife_Expectancy , CountofUniqueID ] ) | Group ( Device_Type ) | With ( Panel ( 1 ) ) | Format ( type = [ 'table' ] ) | TaskOptions ( { \"1\" : { \"layout\" : \"Scatter\" , \"alignment\" : { \"label\" : [ \"Device_Type\" ] , \"x\" : [ \"AverageofAcquisition_Cost\" ] , \"y\" : [ \"AverageofLife_Expectancy\" ] , \"z\" : [ \"CountofUniqueID\" ] , \"series\" : [ ] , \"facet\" : [ ] } } } ) | Collect ( 500 ) ) , ( Frame ( ) | Select ( Device_Type , Acquisition_Cost , Life_Expectancy , UniqueID ) .as ( [ Device_Type , Acquisition_Cost , Life_Expectancy , UniqueID ] ) | With ( Panel ( 1 ) ) | Format ( type = [ 'table' ] ) | TaskOptions ( { \"1\" : { \"layout\" : \"Scatter\" , \"alignment\" : { \"label\" : [ \"Device_Type\" ] , \"x\" : [ \"Acquisition_Cost\" ] , \"y\" : [ \"Life_Expectancy\" ] , \"z\" : [ \"UniqueID\" ] , \"series\" : [ ] , \"facet\" : [ ] } } } ) | Collect ( 500 ) ) ) ;","if ( IsEmpty ( [ \"Anesthesia\" ] ) , UnfilterFrame ( Device_Type ) , SetFrameFilter ( Device_Type == [ \"Anesthesia\" ] ) ) ;","UnfilterFrame ( Device_Type ) ;","if ( IsEmpty ( [ \"Radiology\" ] ) , UnfilterFrame ( Device_Type ) , SetFrameFilter ( Device_Type == [ \"Radiology\" ] ) ) ;","UnfilterFrame ( Device_Type ) ;","ifError ( ( Frame ( ) | Select ( Device_Type , Average ( Acquisition_Cost ) , Average ( Life_Expectancy ) , Count ( UniqueID ) ) .as ( [ Device_Type , AverageofAcquisition_Cost , AverageofLife_Expectancy , CountofUniqueID ] ) | Group ( Device_Type ) | With ( Panel ( 1 ) ) | Format ( type = [ 'table' ] ) | TaskOptions ( { \"1\" : { \"layout\" : \"Scatter\" , \"alignment\" : { \"label\" : [ \"Device_Type\" ] , \"x\" : [ \"AverageofAcquisition_Cost\" ] , \"y\" : [ \"AverageofLife_Expectancy\" ] , \"z\" : [ \"CountofUniqueID\" ] } } } ) | Collect ( - 1 ) ) , ( true ) ) ;","ifError ( ( Frame ( ) | Select ( Device_Type , Count ( UniqueID ) ) .as ( [ Device_Type , CountofUniqueID ] ) | Sort ( columns = [ \"CountofUniqueID\" ] , sort = [ \"DESC\" ] ) | Group ( Device_Type ) | With ( Panel ( 0 ) ) | Format ( type = [ 'table' ] ) | TaskOptions ( { \"0\" : { \"layout\" : \"Column\" , \"alignment\" : { \"label\" : [ \"Device_Type\" ] , \"value\" : [ \"CountofUniqueID\" ] } } } ) | Collect ( - 1 ) ) , ( true ) ) ;","Panel ( 0 ) | AddPanelOrnaments ( { \"tools\" : { \"shared\" : { \"colorName\" : \"Semoss\" , \"color\" : { \"CountofUniqueID\" : \"#4FA4DE\" } , \"backgroundColor\" : \"#FFFFFF\" } } } ) ;","Panel ( 0 ) | RetrievePanelOrnaments ( \"tools\" ) ;","Panel ( 0 ) | AddPanelOrnaments ( { \"tools\" : { \"shared\" : { \"colorName\" : \"Four\" , \"color\" : { \"CountofUniqueID\" : \"#184D68\" } , \"backgroundColor\" : \"#FFFFFF\" } } } ) ;","Panel ( 0 ) | RetrievePanelOrnaments ( \"tools\" ) ;","Panel ( 1 ) | AddPanelOrnaments ( { \"tools\" : { \"shared\" : { \"colorName\" : \"Semoss\" , \"color\" : { \"Device Type\" : \"#4FA4DE\" } , \"backgroundColor\" : \"#FFFFFF\" } } } ) ;","Panel ( 1 ) | RetrievePanelOrnaments ( \"tools\" ) ;","Panel ( 1 ) | AddPanelOrnaments ( { \"tools\" : { \"shared\" : { \"colorName\" : \"Four\" , \"color\" : { \"Device Type\" : \"#184D68\" } , \"backgroundColor\" : \"#FFFFFF\" } } } ) ;","Panel ( 1 ) | RetrievePanelOrnaments ( \"tools\" ) ;","Panel ( 0 ) | Clone ( 2 ) ;","if ( ( HasDuplicates ( Replacement_Date ) ) , ( Frame ( ) | Select ( Replacement_Date , Average ( Acquisition_Cost ) ) .as ( [ Replacement_Date , AverageofAcquisition_Cost ] ) | Group ( Replacement_Date ) | With ( Panel ( 2 ) ) | Format ( type = [ 'table' ] ) | TaskOptions ( { \"2\" : { \"layout\" : \"Line\" , \"alignment\" : { \"label\" : [ \"Replacement_Date\" ] , \"value\" : [ \"AverageofAcquisition_Cost\" ] , \"tooltip\" : [ ] , \"facet\" : [ ] } } } ) | Collect ( 500 ) ) , ( Frame ( ) | Select ( Replacement_Date , Acquisition_Cost ) .as ( [ Replacement_Date , Acquisition_Cost ] ) | With ( Panel ( 2 ) ) | Format ( type = [ 'table' ] ) | TaskOptions ( { \"2\" : { \"layout\" : \"Line\" , \"alignment\" : { \"label\" : [ \"Replacement_Date\" ] , \"value\" : [ \"Acquisition_Cost\" ] , \"tooltip\" : [ ] , \"facet\" : [ ] } } } ) | Collect ( 500 ) ) ) ;","if ( ( HasDuplicates ( Replacement_Date ) ) , ( Frame ( ) | Select ( Replacement_Date , Sum ( Acquisition_Cost ) ) .as ( [ Replacement_Date , SumofAcquisition_Cost ] ) | Group ( Replacement_Date ) | With ( Panel ( 2 ) ) | Format ( type = [ 'table' ] ) | TaskOptions ( { \"2\" : { \"layout\" : \"Line\" , \"alignment\" : { \"label\" : [ \"Replacement_Date\" ] , \"value\" : [ \"SumofAcquisition_Cost\" ] , \"tooltip\" : [ ] , \"facet\" : [ ] } } } ) | Collect ( 500 ) ) , ( Frame ( ) | Select ( Replacement_Date , Acquisition_Cost ) .as ( [ Replacement_Date , Acquisition_Cost ] ) | With ( Panel ( 2 ) ) | Format ( type = [ 'table' ] ) | TaskOptions ( { \"2\" : { \"layout\" : \"Line\" , \"alignment\" : { \"label\" : [ \"Replacement_Date\" ] , \"value\" : [ \"Acquisition_Cost\" ] , \"tooltip\" : [ ] , \"facet\" : [ ] } } } ) | Collect ( 500 ) ) ) ;","Panel ( 2 ) | AddPanelOrnaments ( { \"tools\" : { \"shared\" : { \"rotateAxis\" : false } } } ) ;","Panel ( 2 ) | RetrievePanelOrnaments ( \"tools.shared.rotateAxis\" ) ;","Panel ( 2 ) | AddPanelOrnaments ( { \"tools\" : { \"shared\" : { \"rotateAxis\" : true } } } ) ;","Panel ( 2 ) | RetrievePanelOrnaments ( \"tools.shared.rotateAxis\" ) ;","ifError ( ( Frame ( ) | Select ( Replacement_Date , Sum ( Acquisition_Cost ) ) .as ( [ Replacement_Date , SumofAcquisition_Cost ] ) | Group ( Replacement_Date ) | With ( Panel ( 2 ) ) | Format ( type = [ 'table' ] ) | TaskOptions ( { \"2\" : { \"layout\" : \"Line\" , \"alignment\" : { \"label\" : [ \"Replacement_Date\" ] , \"value\" : [ \"SumofAcquisition_Cost\" ] } } } ) | Collect ( - 1 ) ) , ( true ) ) ;","Panel ( 2 ) | AddPanelOrnaments ( { \"tools\" : { \"shared\" : { \"rotateAxis\" : false } } } ) ;","Panel ( 2 ) | RetrievePanelOrnaments ( \"tools.shared.rotateAxis\" ) ;","if ( IsEmpty ( [ \"Radiology\" ] ) , UnfilterFrame ( Device_Type ) , SetFrameFilter ( Device_Type == [ \"Radiology\" ] ) ) ;","UnfilterFrame ( Device_Type ) ;","if ( IsEmpty ( [ \"Imaging\" , \"Lab_Automation\" ] ) , UnfilterFrame ( Device_Type ) , SetFrameFilter ( Device_Type == [ \"Imaging\" , \"Lab_Automation\" ] ) ) ;","UnfilterFrame ( Device_Type ) ;","AddPanel ( 3 ) ;","Panel ( 3 ) | AddPanelConfig ( config = [ { \"config\" : { \"type\" : \"COLLAPSIBLE\" , \"opacity\" : 100 , \"subType\" : \"\" } , \"label\" : \"Device_Type Filter\" } ] ) ;","Panel ( 3 ) | SetPanelView ( \"DashboardFilter\" , \"<encode>{\"autoRun\":true}</encode>\" ) ;","Panel ( 3 ) | AddPanelOrnaments ( { \"dashboardFilter\" : { \"singleSelect\" : \"Multi Select\" , \"viewType\" : \"List\" , \"instances\" : [ \"Device_Type\" ] } } ) | RetrievePanelOrnaments ( \"dashboardFilter\" ) ;","ClosePanel ( 3 ) ;","AddPanel ( 4 ) ;","Panel ( 4 ) | AddPanelConfig ( config = [ { \"config\" : { \"type\" : \"MENU\" , \"opacity\" : 100 , \"subType\" : \"\" } , \"label\" : \"Device_Type Filter\" } ] ) ;","Panel ( 4 ) | SetPanelView ( \"DashboardFilter\" , \"<encode>{\"autoRun\":true}</encode>\" ) ;","Panel ( 4 ) | AddPanelOrnaments ( { \"dashboardFilter\" : { \"singleSelect\" : \"Multi Select\" , \"viewType\" : \"List\" , \"instances\" : [ \"Device_Type\" ] } } ) | RetrievePanelOrnaments ( \"dashboardFilter\" ) ;","Panel ( 0 ) | SetPanelLabel ( \"Number of Devices by Device Type\" ) ;","Panel ( 1 ) | SetPanelLabel ( \"Cost against Life Expectancy\" ) ;","Panel ( 2 ) | SetPanelLabel ( \"Potential Cost of Device Replacement by Replacement Date/EOL\" ) ;","if ( ( FrameHeaderExists ( Device_Type ) ) , ( SetFrameFilter ( ( Device_Type == [ \"Dialysis\" ] ) ) ) , ( false ) ) ;","ifError ( ( Frame ( ) | Select ( Device_Type , Count ( UniqueID ) ) .as ( [ Device_Type , CountofUniqueID ] ) | Sort ( columns = [ \"CountofUniqueID\" ] , sort = [ \"DESC\" ] ) | Group ( Device_Type ) | With ( Panel ( 0 ) ) | Format ( type = [ 'table' ] ) | TaskOptions ( { \"0\" : { \"layout\" : \"Column\" , \"alignment\" : { \"label\" : [ \"Device_Type\" ] , \"value\" : [ \"CountofUniqueID\" ] } } } ) | Collect ( - 1 ) ) , ( true ) ) ;","ifError ( ( Frame ( ) | Select ( Device_Type , Average ( Acquisition_Cost ) , Average ( Life_Expectancy ) , Count ( UniqueID ) ) .as ( [ Device_Type , AverageofAcquisition_Cost , AverageofLife_Expectancy , CountofUniqueID ] ) | Group ( Device_Type ) | With ( Panel ( 1 ) ) | Format ( type = [ 'table' ] ) | TaskOptions ( { \"1\" : { \"layout\" : \"Scatter\" , \"alignment\" : { \"label\" : [ \"Device_Type\" ] , \"x\" : [ \"AverageofAcquisition_Cost\" ] , \"y\" : [ \"AverageofLife_Expectancy\" ] , \"z\" : [ \"CountofUniqueID\" ] } } } ) | Collect ( - 1 ) ) , ( true ) ) ;","ifError ( ( Frame ( ) | Select ( Replacement_Date , Sum ( Acquisition_Cost ) ) .as ( [ Replacement_Date , SumofAcquisition_Cost ] ) | Group ( Replacement_Date ) | With ( Panel ( 2 ) ) | Format ( type = [ 'table' ] ) | TaskOptions ( { \"2\" : { \"layout\" : \"Line\" , \"alignment\" : { \"label\" : [ \"Replacement_Date\" ] , \"value\" : [ \"SumofAcquisition_Cost\" ] } } } ) | Collect ( - 1 ) ) , ( true ) ) ;","Panel ( 4 ) | AddPanelConfig ( config = [ { \"label\" : \"Device_Type Filter (Dialysis)\" } ] ) ;","Panel ( 4 ) | AddPanelConfig ( config = [ { \"label\" : \"Device_Type Filter (Dialysis, Bed)\" } ] ) ;","if ( ( FrameHeaderExists ( Device_Type ) ) , ( SetFrameFilter ( ( Device_Type == [ \"Dialysis\" , \"Bed\" ] ) ) ) , ( false ) ) ;","ifError ( ( Frame ( ) | Select ( Device_Type , Count ( UniqueID ) ) .as ( [ Device_Type , CountofUniqueID ] ) | Sort ( columns = [ \"CountofUniqueID\" ] , sort = [ \"DESC\" ] ) | Group ( Device_Type ) | With ( Panel ( 0 ) ) | Format ( type = [ 'table' ] ) | TaskOptions ( { \"0\" : { \"layout\" : \"Column\" , \"alignment\" : { \"label\" : [ \"Device_Type\" ] , \"value\" : [ \"CountofUniqueID\" ] } } } ) | Collect ( - 1 ) ) , ( true ) ) ;","ifError ( ( Frame ( ) | Select ( Device_Type , Average ( Acquisition_Cost ) , Average ( Life_Expectancy ) , Count ( UniqueID ) ) .as ( [ Device_Type , AverageofAcquisition_Cost , AverageofLife_Expectancy , CountofUniqueID ] ) | Group ( Device_Type ) | With ( Panel ( 1 ) ) | Format ( type = [ 'table' ] ) | TaskOptions ( { \"1\" : { \"layout\" : \"Scatter\" , \"alignment\" : { \"label\" : [ \"Device_Type\" ] , \"x\" : [ \"AverageofAcquisition_Cost\" ] , \"y\" : [ \"AverageofLife_Expectancy\" ] , \"z\" : [ \"CountofUniqueID\" ] } } } ) | Collect ( - 1 ) ) , ( true ) ) ;","ifError ( ( Frame ( ) | Select ( Replacement_Date , Sum ( Acquisition_Cost ) ) .as ( [ Replacement_Date , SumofAcquisition_Cost ] ) | Group ( Replacement_Date ) | With ( Panel ( 2 ) ) | Format ( type = [ 'table' ] ) | TaskOptions ( { \"2\" : { \"layout\" : \"Line\" , \"alignment\" : { \"label\" : [ \"Replacement_Date\" ] , \"value\" : [ \"SumofAcquisition_Cost\" ] } } } ) | Collect ( - 1 ) ) , ( true ) ) ;","Panel ( 4 ) | AddPanelConfig ( config = [ { \"label\" : \"Device_Type Filter (Bed, Dialysis, Monitor)\" } ] ) ;","if ( ( FrameHeaderExists ( Device_Type ) ) , ( SetFrameFilter ( ( Device_Type == [ \"Bed\" , \"Dialysis\" , \"Monitor\" ] ) ) ) , ( false ) ) ;","ifError ( ( Frame ( ) | Select ( Device_Type , Count ( UniqueID ) ) .as ( [ Device_Type , CountofUniqueID ] ) | Sort ( columns = [ \"CountofUniqueID\" ] , sort = [ \"DESC\" ] ) | Group ( Device_Type ) | With ( Panel ( 0 ) ) | Format ( type = [ 'table' ] ) | TaskOptions ( { \"0\" : { \"layout\" : \"Column\" , \"alignment\" : { \"label\" : [ \"Device_Type\" ] , \"value\" : [ \"CountofUniqueID\" ] } } } ) | Collect ( - 1 ) ) , ( true ) ) ;","ifError ( ( Frame ( ) | Select ( Device_Type , Average ( Acquisition_Cost ) , Average ( Life_Expectancy ) , Count ( UniqueID ) ) .as ( [ Device_Type , AverageofAcquisition_Cost , AverageofLife_Expectancy , CountofUniqueID ] ) | Group ( Device_Type ) | With ( Panel ( 1 ) ) | Format ( type = [ 'table' ] ) | TaskOptions ( { \"1\" : { \"layout\" : \"Scatter\" , \"alignment\" : { \"label\" : [ \"Device_Type\" ] , \"x\" : [ \"AverageofAcquisition_Cost\" ] , \"y\" : [ \"AverageofLife_Expectancy\" ] , \"z\" : [ \"CountofUniqueID\" ] } } } ) | Collect ( - 1 ) ) , ( true ) ) ;","ifError ( ( Frame ( ) | Select ( Replacement_Date , Sum ( Acquisition_Cost ) ) .as ( [ Replacement_Date , SumofAcquisition_Cost ] ) | Group ( Replacement_Date ) | With ( Panel ( 2 ) ) | Format ( type = [ 'table' ] ) | TaskOptions ( { \"2\" : { \"layout\" : \"Line\" , \"alignment\" : { \"label\" : [ \"Replacement_Date\" ] , \"value\" : [ \"SumofAcquisition_Cost\" ] } } } ) | Collect ( - 1 ) ) , ( true ) ) ;","Panel ( 4 ) | AddPanelConfig ( config = [ { \"label\" : \"Device_Type Filter (Anesthesia, Audiology, Bed, Dialysis, ECG/EKG, Endoscopy/ENT/GI, Fetal_Monitor, Imaging, Infusion_Pump, Intermittent_Devices, Lab_Automation, Medication_Dispensing, Monitor, Ophthalmology, PACS, Pharmacy, Radiology, Ventilator)\" } ] ) ;","if ( ( FrameHeaderExists ( Device_Type ) ) , ( UnfilterFrame ( Device_Type ) ) , ( false ) ) ;","ifError ( ( Frame ( ) | Select ( Device_Type , Count ( UniqueID ) ) .as ( [ Device_Type , CountofUniqueID ] ) | Sort ( columns = [ \"CountofUniqueID\" ] , sort = [ \"DESC\" ] ) | Group ( Device_Type ) | With ( Panel ( 0 ) ) | Format ( type = [ 'table' ] ) | TaskOptions ( { \"0\" : { \"layout\" : \"Column\" , \"alignment\" : { \"label\" : [ \"Device_Type\" ] , \"value\" : [ \"CountofUniqueID\" ] } } } ) | Collect ( - 1 ) ) , ( true ) ) ;","ifError ( ( Frame ( ) | Select ( Device_Type , Average ( Acquisition_Cost ) , Average ( Life_Expectancy ) , Count ( UniqueID ) ) .as ( [ Device_Type , AverageofAcquisition_Cost , AverageofLife_Expectancy , CountofUniqueID ] ) | Group ( Device_Type ) | With ( Panel ( 1 ) ) | Format ( type = [ 'table' ] ) | TaskOptions ( { \"1\" : { \"layout\" : \"Scatter\" , \"alignment\" : { \"label\" : [ \"Device_Type\" ] , \"x\" : [ \"AverageofAcquisition_Cost\" ] , \"y\" : [ \"AverageofLife_Expectancy\" ] , \"z\" : [ \"CountofUniqueID\" ] } } } ) | Collect ( - 1 ) ) , ( true ) ) ;","ifError ( ( Frame ( ) | Select ( Replacement_Date , Sum ( Acquisition_Cost ) ) .as ( [ Replacement_Date , SumofAcquisition_Cost ] ) | Group ( Replacement_Date ) | With ( Panel ( 2 ) ) | Format ( type = [ 'table' ] ) | TaskOptions ( { \"2\" : { \"layout\" : \"Line\" , \"alignment\" : { \"label\" : [ \"Replacement_Date\" ] , \"value\" : [ \"SumofAcquisition_Cost\" ] } } } ) | Collect ( - 1 ) ) , ( true ) ) ;","Panel ( 4 ) | AddPanelConfig ( config = [ { \"label\" : \"Device_Type Filter (Monitor)\" } ] ) ;","if ( ( FrameHeaderExists ( Device_Type ) ) , ( SetFrameFilter ( ( Device_Type == [ \"Monitor\" ] ) ) ) , ( false ) ) ;","ifError ( ( Frame ( ) | Select ( Device_Type , Count ( UniqueID ) ) .as ( [ Device_Type , CountofUniqueID ] ) | Sort ( columns = [ \"CountofUniqueID\" ] , sort = [ \"DESC\" ] ) | Group ( Device_Type ) | With ( Panel ( 0 ) ) | Format ( type = [ 'table' ] ) | TaskOptions ( { \"0\" : { \"layout\" : \"Column\" , \"alignment\" : { \"label\" : [ \"Device_Type\" ] , \"value\" : [ \"CountofUniqueID\" ] } } } ) | Collect ( - 1 ) ) , ( true ) ) ;","ifError ( ( Frame ( ) | Select ( Device_Type , Average ( Acquisition_Cost ) , Average ( Life_Expectancy ) , Count ( UniqueID ) ) .as ( [ Device_Type , AverageofAcquisition_Cost , AverageofLife_Expectancy , CountofUniqueID ] ) | Group ( Device_Type ) | With ( Panel ( 1 ) ) | Format ( type = [ 'table' ] ) | TaskOptions ( { \"1\" : { \"layout\" : \"Scatter\" , \"alignment\" : { \"label\" : [ \"Device_Type\" ] , \"x\" : [ \"AverageofAcquisition_Cost\" ] , \"y\" : [ \"AverageofLife_Expectancy\" ] , \"z\" : [ \"CountofUniqueID\" ] } } } ) | Collect ( - 1 ) ) , ( true ) ) ;","ifError ( ( Frame ( ) | Select ( Replacement_Date , Sum ( Acquisition_Cost ) ) .as ( [ Replacement_Date , SumofAcquisition_Cost ] ) | Group ( Replacement_Date ) | With ( Panel ( 2 ) ) | Format ( type = [ 'table' ] ) | TaskOptions ( { \"2\" : { \"layout\" : \"Line\" , \"alignment\" : { \"label\" : [ \"Replacement_Date\" ] , \"value\" : [ \"SumofAcquisition_Cost\" ] } } } ) | Collect ( - 1 ) ) , ( true ) ) ;","Panel ( 4 ) | AddPanelConfig ( config = [ { \"label\" : \"Device_Type Filter (Anesthesia, Audiology, Bed, Dialysis, ECG/EKG, Endoscopy/ENT/GI, Fetal_Monitor, Imaging, Infusion_Pump, Intermittent_Devices, Lab_Automation, Medication_Dispensing, Monitor, Ophthalmology, PACS, Pharmacy, Radiology, Ventilator)\" } ] ) ;","if ( ( FrameHeaderExists ( Device_Type ) ) , ( UnfilterFrame ( Device_Type ) ) , ( false ) ) ;","ifError ( ( Frame ( ) | Select ( Device_Type , Count ( UniqueID ) ) .as ( [ Device_Type , CountofUniqueID ] ) | Sort ( columns = [ \"CountofUniqueID\" ] , sort = [ \"DESC\" ] ) | Group ( Device_Type ) | With ( Panel ( 0 ) ) | Format ( type = [ 'table' ] ) | TaskOptions ( { \"0\" : { \"layout\" : \"Column\" , \"alignment\" : { \"label\" : [ \"Device_Type\" ] , \"value\" : [ \"CountofUniqueID\" ] } } } ) | Collect ( - 1 ) ) , ( true ) ) ;","ifError ( ( Frame ( ) | Select ( Device_Type , Average ( Acquisition_Cost ) , Average ( Life_Expectancy ) , Count ( UniqueID ) ) .as ( [ Device_Type , AverageofAcquisition_Cost , AverageofLife_Expectancy , CountofUniqueID ] ) | Group ( Device_Type ) | With ( Panel ( 1 ) ) | Format ( type = [ 'table' ] ) | TaskOptions ( { \"1\" : { \"layout\" : \"Scatter\" , \"alignment\" : { \"label\" : [ \"Device_Type\" ] , \"x\" : [ \"AverageofAcquisition_Cost\" ] , \"y\" : [ \"AverageofLife_Expectancy\" ] , \"z\" : [ \"CountofUniqueID\" ] } } } ) | Collect ( - 1 ) ) , ( true ) ) ;","ifError ( ( Frame ( ) | Select ( Replacement_Date , Sum ( Acquisition_Cost ) ) .as ( [ Replacement_Date , SumofAcquisition_Cost ] ) | Group ( Replacement_Date ) | With ( Panel ( 2 ) ) | Format ( type = [ 'table' ] ) | TaskOptions ( { \"2\" : { \"layout\" : \"Line\" , \"alignment\" : { \"label\" : [ \"Replacement_Date\" ] , \"value\" : [ \"SumofAcquisition_Cost\" ] } } } ) | Collect ( - 1 ) ) , ( true ) ) ;"]}