{"insightID":"979b297f-6f5a-47ec-be07-ff980592fef0","pixelReturn":[{"pixelExpression":"CachedPanel ( \"0\" ) ;","isMeta":false,"output":{"panelId":"0","panelLabel":"Number of Devices by Device Type","view":"visualization","viewOptions":"{\"type\":\"echarts\"}","viewOptionsMap":{"federate-view":{"app_id":"952840cf-0fd0-4290-8b26-789f522ab721"},"visualization":{"type":"echarts"}},"config":{"type":"STANDARD","opacity":100.0},"ornaments":{"tools":{"shared":{"colorName":"Four","backgroundColor":"#FFFFFF","color":{"CountofUniqueID":"#184D68"},"rotateAxis":true}}},"events":{"onSingleClick":{"Unfilter":[{"disabledVisuals":["Grid","Sunburst"],"default":true,"query":"UnfilterFrame(<SelectedColumn>);","options":{},"refresh":false,"disabled":false,"panel":""}]},"onBrush":{"Filter":[{"default":true,"query":"if(IsEmpty(<SelectedValues>), UnfilterFrame(<SelectedColumn>), SetFrameFilter(<SelectedColumn>==<SelectedValues>));","options":{},"refresh":false,"disabled":false,"panel":""}]}},"comments":{},"position":{},"filters":[],"order":[],"cbv":[]},"operationType":["CACHED_PANEL"]},{"pixelExpression":"CachedPanel ( \"1\" ) ;","isMeta":false,"output":{"panelId":"1","panelLabel":"Cost against Life Expectancy","view":"visualization","viewOptions":"{\"type\":\"echarts\"}","viewOptionsMap":{"federate-view":{"app_id":"952840cf-0fd0-4290-8b26-789f522ab721"},"visualization":{"type":"echarts"}},"config":{"type":"STANDARD","opacity":100.0},"ornaments":{"tools":{"shared":{"rotateAxis":true,"colorName":"Four","backgroundColor":"#FFFFFF","color":{"Device Type":"#184D68"}}}},"events":{"onSingleClick":{"Unfilter":[{"disabledVisuals":["Grid","Sunburst"],"default":true,"query":"UnfilterFrame(<SelectedColumn>);","options":{},"refresh":false,"disabled":false,"panel":""}]},"onBrush":{"Filter":[{"default":true,"query":"if(IsEmpty(<SelectedValues>), UnfilterFrame(<SelectedColumn>), SetFrameFilter(<SelectedColumn>==<SelectedValues>));","options":{},"refresh":false,"disabled":false,"panel":""}]}},"comments":{},"position":{},"filters":[],"order":[],"cbv":[]},"operationType":["CACHED_PANEL"]},{"pixelExpression":"CachedPanel ( \"2\" ) ;","isMeta":false,"output":{"panelId":"2","panelLabel":"Potential Cost of Device Replacement by Replacement Date/EOL","view":"visualization","viewOptions":"{\"type\":\"echarts\"}","viewOptionsMap":{"federate-view":{"app_id":"952840cf-0fd0-4290-8b26-789f522ab721"},"visualization":{"type":"echarts"}},"config":{"type":"STANDARD","opacity":100.0},"ornaments":{"tools":{"shared":{"colorName":"Four","backgroundColor":"#FFFFFF","color":{"CountofUniqueID":"#184D68"},"rotateAxis":false}}},"events":{"onSingleClick":{"Unfilter":[{"disabledVisuals":["Grid","Sunburst"],"default":true,"query":"UnfilterFrame(<SelectedColumn>);","options":{},"refresh":false,"disabled":false,"panel":""}]},"onBrush":{"Filter":[{"default":true,"query":"if(IsEmpty(<SelectedValues>), UnfilterFrame(<SelectedColumn>), SetFrameFilter(<SelectedColumn>==<SelectedValues>));","options":{},"refresh":false,"disabled":false,"panel":""}]}},"comments":{},"position":{},"filters":[],"order":[],"cbv":[]},"operationType":["CACHED_PANEL"]},{"pixelExpression":"CachedPanel ( \"4\" ) ;","isMeta":false,"output":{"panelId":"4","panelLabel":"Device_Type Filter","view":"DashboardFilter","viewOptions":"{\"autoRun\":true}","viewOptionsMap":{"DashboardFilter":{"autoRun":true}},"config":{"subType":"","type":"MENU","opacity":100.0},"ornaments":{"dashboardFilter":{"instances":["Device_Type"],"viewType":"List","singleSelect":"Multi Select"}},"events":{},"comments":{},"position":{},"filters":[],"order":[],"cbv":[]},"operationType":["CACHED_PANEL"]},{"pixelExpression":"CachedPanel ( \"5\" ) ;","isMeta":false,"output":{"panelId":"5","panelLabel":"Device Summary","view":"text-widget","viewOptions":"{\"html\":\"<div id=\\\"projectFacts\\\" class=\\\"sectionClass\\\">\\n    <div class=\\\"fullWidth eight columns\\\">\\n        <div class=\\\"projectFactsWrap \\\">\\n             <div class=\\\"item wow fadeInUpBig animated animated\\\" data-number=\\\"5\\\" style=\\\"visibility: visible;\\\">\\n                <p id=\\\"number1\\\" class=\\\"number\\\">{{TotalDevices[0][\\\"output\\\"][\\\"data\\\"][\\\"values\\\"][0][0] | number:0}}</p>\\n                <span></span>\\n                <p>Total Number of Devices in Inventory</p>\\n            </div>\\n\\t\\t\\t<div class=\\\"item wow fadeInUpBig animated animated\\\" data-number=\\\"5\\\" style=\\\"visibility: visible;\\\">\\n                <p id=\\\"number2\\\" class=\\\"number\\\">${{TotalCost[0][\\\"output\\\"][\\\"data\\\"][\\\"values\\\"][0][0] | number:0}}</p>\\n                <span></span>\\n                <p>Total Cost of Devices</p>\\n            </div>\\n\\t\\t\\t<div class=\\\"item wow fadeInUpBig animated animated\\\" data-number=\\\"5\\\" style=\\\"visibility: visible;\\\">\\n                <p id=\\\"number3\\\" class=\\\"number\\\">{{EHRCompat[0][\\\"output\\\"][\\\"data\\\"][\\\"values\\\"][0][0] | number:0}}</p>\\n                <span></span>\\n                <p>Count of EHR Compatible Devices</p>\\n            </div>\\n\\t\\t\\t<div class=\\\"item wow fadeInUpBig animated animated\\\" data-number=\\\"5\\\" style=\\\"visibility: visible;\\\">\\n                <p id=\\\"number4\\\" class=\\\"number\\\">{{Manufact[0][\\\"output\\\"][\\\"data\\\"][\\\"values\\\"][0][0] | number:0}}</p>\\n                <span></span>\\n                <p>Number of Unique Device Manufacturers</p>\\n            </div>\\n        </div>\\n    </div>\\n</div>\\n\\n<style>\\n#TextWidget @import url(https://fonts.googleapis.com/css?family=PT+Sans+Narrow);\\nbody{\\n  font-family: Open Sans, \\\"Helvetica Neue\\\", \\\"Helvetica\\\", Helvetica, Arial,   sans-serif;\\n  font-size: 13px;\\n  color: #666;\\n  position: relative;\\n  -webkit-font-smoothing: antialiased;\\n  margin: 0;\\n}\\n\\n#TextWidget *{\\n  -webkit-box-sizing: border-box;\\n  -moz-box-sizing: border-box;\\n  box-sizing: border-box;\\n}\\n\\n#TextWidget body, #TextWidget div, #TextWidget dl, #TextWidget dt, #TextWidget dd, #TextWidget ul, #TextWidget ol, #TextWidget li, #TextWidget h1, #TextWidget h2, #TextWidget h3, #TextWidget h4, #TextWidget h5, #TextWidget h6, #TextWidget pre, #TextWidget form, #TextWidget p, #TextWidget blockquote, #TextWidget th, #TextWidget td{\\n  margin: 0;\\n  padding: 0;\\n  font-size: 13px;\\n  direction: ltr;\\n}\\n\\n#TextWidget .sectionClass{\\n  padding: 0px 0px 0px 0px;\\n  position: relative;\\n  display: block;\\n}\\n\\n#TextWidget .fullWidth{\\n  width: 100%;\\n  display: table;\\n  float: none;\\n  padding: 0;\\n  min-height: 1px;\\n  height: 100% !important;\\n  position: relative;\\n}\\n\\n\\n#TextWidget .sectiontitle{\\n  background-position: center;\\n  margin: 0px 0 0px;\\n  text-align: center;\\n  min-height: 0px;\\n}\\n\\n#TextWidget .sectiontitle h2{\\n  font-size: 30px;\\n  color: #575757;\\n  margin-bottom: 0px;\\n  padding-right: 0px;\\n  padding-left: 0px;\\n}\\n\\n\\n#TextWidget .headerLine{\\n  width: 160px;\\n  height: 0px;\\n  display: inline-block;\\n  background: #575757;\\n}\\n\\n\\n#TextWidget .projectFactsWrap{\\n    display: flex;\\n  margin-top: 0px;\\n  flex-direction: row;\\n  flex-wrap: wrap;\\n}\\n\\n\\n#TextWidget #projectFacts .fullWidth{\\n  padding: 0;\\n}\\n\\n#TextWidget .projectFactsWrap .item{\\n  width: 25%;\\n  height: 100%;\\n  padding: 0px 0px;\\n  text-align: center;\\n}\\n\\n#TextWidget .projectFactsWrap .item:nth-child(1){\\n  background: rgb(226, 226, 226);\\n}\\n\\n#TextWidget .projectFactsWrap .item:nth-child(2){\\n  background: rgb(226, 226, 226);\\n}\\n\\n#TextWidget .projectFactsWrap .item:nth-child(3){\\n  background: rgb(226, 226, 226);\\n}\\n\\n#TextWidget .projectFactsWrap .item:nth-child(4){\\n  background: rgb(226, 226, 226);\\n}\\n\\n#TextWidget .projectFactsWrap .item p.number{\\n  font-size: 30px;\\n  padding: 0;\\n  font-weight: bold;\\n}\\n\\n#TextWidget .projectFactsWrap .item p{\\n  color: rgba(87, 87, 87, 0.8);\\n  font-size: 18px;\\n  margin: 0;\\n  padding: 0 px;\\n  font-family: 'Open Sans';\\n}\\n\\n\\n#TextWidget .projectFactsWrap .item span{\\n  width: 160px;\\n  background: #143F5B;\\n  height: 2px;\\n  display: block;\\n  margin: 0 auto;\\n}\\n\\n\\n#TextWidget .projectFactsWrap .item i{\\n  vertical-align: middle;\\n  font-size: 50px;\\n  color: rgba(87, 87, 87, 0.8);\\n}\\n\\n\\n#TextWidget .projectFactsWrap .item:hover i, #TextWidget .projectFactsWrap .item:hover p{\\n  color: #143F5B;\\n}\\n\\n#TextWidget .projectFactsWrap .item:hover span{\\n  background: #143F5B;\\n}\\n\\n#TextWidget @media (max-width: 786px){\\n  .projectFactsWrap .item {\\n     flex: 0 0 50%;\\n  }\\n#TextWidget }\\n\\n\\n#TextWidget .trans{\\n  opacity: 1;\\n  -webkit-transform: translateX(0px);\\n  transform: translateX(0px);\\n  -webkit-transition: all 500ms ease;\\n  -moz-transition: all 500ms ease;\\n  transition: all 500ms ease;\\n\\n</style>\",\"varList\":[{\"name\":\"TotalDevices\",\"query\":\"Select(UniqueCount(UniqueID)) | Collect (-1);\"},{\"name\":\"TotalCost\",\"query\":\"Select(Sum(Acquisition_Cost)) | Collect (-1);\"},{\"name\":\"EHRCompat\",\"query\":\"Filter (EHR_Compatible == [ \\\"Yes\\\" ]) | Select(UniqueCount(UniqueID))| Collect (-1);\"},{\"name\":\"Manufact\",\"query\":\"Select(UniqueCount(Manufacturer_Name)) | Collect (-1);\"}],\"freeze\":false,\"loading\":true}","viewOptionsMap":{"federate-view":{"app_id":"952840cf-0fd0-4290-8b26-789f522ab721"},"visualization":{"type":"standard"},"text-widget":{"html":"<div id=\"projectFacts\" class=\"sectionClass\">\n    <div class=\"fullWidth eight columns\">\n        <div class=\"projectFactsWrap \">\n             <div class=\"item wow fadeInUpBig animated animated\" data-number=\"5\" style=\"visibility: visible;\">\n                <p id=\"number1\" class=\"number\">{{TotalDevices[0][\"output\"][\"data\"][\"values\"][0][0] | number:0}}</p>\n                <span></span>\n                <p>Total Number of Devices in Inventory</p>\n            </div>\n\t\t\t<div class=\"item wow fadeInUpBig animated animated\" data-number=\"5\" style=\"visibility: visible;\">\n                <p id=\"number2\" class=\"number\">${{TotalCost[0][\"output\"][\"data\"][\"values\"][0][0] | number:0}}</p>\n                <span></span>\n                <p>Total Cost of Devices</p>\n            </div>\n\t\t\t<div class=\"item wow fadeInUpBig animated animated\" data-number=\"5\" style=\"visibility: visible;\">\n                <p id=\"number3\" class=\"number\">{{EHRCompat[0][\"output\"][\"data\"][\"values\"][0][0] | number:0}}</p>\n                <span></span>\n                <p>Count of EHR Compatible Devices</p>\n            </div>\n\t\t\t<div class=\"item wow fadeInUpBig animated animated\" data-number=\"5\" style=\"visibility: visible;\">\n                <p id=\"number4\" class=\"number\">{{Manufact[0][\"output\"][\"data\"][\"values\"][0][0] | number:0}}</p>\n                <span></span>\n                <p>Number of Unique Device Manufacturers</p>\n            </div>\n        </div>\n    </div>\n</div>\n\n<style>\n#TextWidget @import url(https://fonts.googleapis.com/css?family=PT+Sans+Narrow);\nbody{\n  font-family: Open Sans, \"Helvetica Neue\", \"Helvetica\", Helvetica, Arial,   sans-serif;\n  font-size: 13px;\n  color: #666;\n  position: relative;\n  -webkit-font-smoothing: antialiased;\n  margin: 0;\n}\n\n#TextWidget *{\n  -webkit-box-sizing: border-box;\n  -moz-box-sizing: border-box;\n  box-sizing: border-box;\n}\n\n#TextWidget body, #TextWidget div, #TextWidget dl, #TextWidget dt, #TextWidget dd, #TextWidget ul, #TextWidget ol, #TextWidget li, #TextWidget h1, #TextWidget h2, #TextWidget h3, #TextWidget h4, #TextWidget h5, #TextWidget h6, #TextWidget pre, #TextWidget form, #TextWidget p, #TextWidget blockquote, #TextWidget th, #TextWidget td{\n  margin: 0;\n  padding: 0;\n  font-size: 13px;\n  direction: ltr;\n}\n\n#TextWidget .sectionClass{\n  padding: 0px 0px 0px 0px;\n  position: relative;\n  display: block;\n}\n\n#TextWidget .fullWidth{\n  width: 100%;\n  display: table;\n  float: none;\n  padding: 0;\n  min-height: 1px;\n  height: 100% !important;\n  position: relative;\n}\n\n\n#TextWidget .sectiontitle{\n  background-position: center;\n  margin: 0px 0 0px;\n  text-align: center;\n  min-height: 0px;\n}\n\n#TextWidget .sectiontitle h2{\n  font-size: 30px;\n  color: #575757;\n  margin-bottom: 0px;\n  padding-right: 0px;\n  padding-left: 0px;\n}\n\n\n#TextWidget .headerLine{\n  width: 160px;\n  height: 0px;\n  display: inline-block;\n  background: #575757;\n}\n\n\n#TextWidget .projectFactsWrap{\n    display: flex;\n  margin-top: 0px;\n  flex-direction: row;\n  flex-wrap: wrap;\n}\n\n\n#TextWidget #projectFacts .fullWidth{\n  padding: 0;\n}\n\n#TextWidget .projectFactsWrap .item{\n  width: 25%;\n  height: 100%;\n  padding: 0px 0px;\n  text-align: center;\n}\n\n#TextWidget .projectFactsWrap .item:nth-child(1){\n  background: rgb(226, 226, 226);\n}\n\n#TextWidget .projectFactsWrap .item:nth-child(2){\n  background: rgb(226, 226, 226);\n}\n\n#TextWidget .projectFactsWrap .item:nth-child(3){\n  background: rgb(226, 226, 226);\n}\n\n#TextWidget .projectFactsWrap .item:nth-child(4){\n  background: rgb(226, 226, 226);\n}\n\n#TextWidget .projectFactsWrap .item p.number{\n  font-size: 30px;\n  padding: 0;\n  font-weight: bold;\n}\n\n#TextWidget .projectFactsWrap .item p{\n  color: rgba(87, 87, 87, 0.8);\n  font-size: 18px;\n  margin: 0;\n  padding: 0 px;\n  font-family: 'Open Sans';\n}\n\n\n#TextWidget .projectFactsWrap .item span{\n  width: 160px;\n  background: #143F5B;\n  height: 2px;\n  display: block;\n  margin: 0 auto;\n}\n\n\n#TextWidget .projectFactsWrap .item i{\n  vertical-align: middle;\n  font-size: 50px;\n  color: rgba(87, 87, 87, 0.8);\n}\n\n\n#TextWidget .projectFactsWrap .item:hover i, #TextWidget .projectFactsWrap .item:hover p{\n  color: #143F5B;\n}\n\n#TextWidget .projectFactsWrap .item:hover span{\n  background: #143F5B;\n}\n\n#TextWidget @media (max-width: 786px){\n  .projectFactsWrap .item {\n     flex: 0 0 50%;\n  }\n#TextWidget }\n\n\n#TextWidget .trans{\n  opacity: 1;\n  -webkit-transform: translateX(0px);\n  transform: translateX(0px);\n  -webkit-transition: all 500ms ease;\n  -moz-transition: all 500ms ease;\n  transition: all 500ms ease;\n\n</style>","varList":[{"name":"TotalDevices","query":"Select(UniqueCount(UniqueID)) | Collect (-1);"},{"name":"TotalCost","query":"Select(Sum(Acquisition_Cost)) | Collect (-1);"},{"name":"EHRCompat","query":"Filter (EHR_Compatible == [ \"Yes\" ]) | Select(UniqueCount(UniqueID))| Collect (-1);"},{"name":"Manufact","query":"Select(UniqueCount(Manufacturer_Name)) | Collect (-1);"}],"freeze":false,"loading":true}},"config":{"subType":"","type":"STANDARD","opacity":100.0},"ornaments":{"tools":{"shared":{"colorName":"Four","backgroundColor":"#FFFFFF","color":{"CountofUniqueID":"#184D68"},"rotateAxis":true}}},"events":{"onSingleClick":{"Unfilter":[{"disabledVisuals":["Grid","Sunburst"],"default":true,"query":"UnfilterFrame(<SelectedColumn>);","options":{},"refresh":false,"disabled":false,"panel":""}]},"onBrush":{"Filter":[{"default":true,"query":"if(IsEmpty(<SelectedValues>), UnfilterFrame(<SelectedColumn>), SetFrameFilter(<SelectedColumn>==<SelectedValues>));","options":{},"refresh":false,"disabled":false,"panel":""}]}},"comments":{},"position":{},"filters":[],"order":[],"cbv":[]},"operationType":["CACHED_PANEL"]},{"pixelExpression":"ifError ( ( Frame ( ) | Select ( Device_Type , Count ( UniqueID ) ) .as ( [ Device_Type , CountofUniqueID ] ) | Sort ( columns = [ \"CountofUniqueID\" ] , sort = [ \"DESC\" ] ) | Group ( Device_Type ) | With ( Panel ( 0 ) ) | Format ( type = [ 'table' ] ) | TaskOptions ( { \"0\" : { \"layout\" : \"Column\" , \"alignment\" : { \"label\" : [ \"Device_Type\" ] , \"value\" : [ \"CountofUniqueID\" ] } } } ) | Collect ( - 1 ) ) , ( true ) ) ;","isMeta":false,"output":{"data":{"values":[["Monitor",2741.0],["Infusion_Pump",1600.0],["Imaging",1544.0],["PACS",805.0],["Lab_Automation",377.0],["Bed",362.0],["Radiology",333.0],["Intermittent_Devices",260.0],["ECG/EKG",146.0],["Ophthalmology",144.0],["Ventilator",108.0],["Audiology",61.0],["Anesthesia",58.0],["Medication_Dispensing",40.0],["Fetal_Monitor",25.0],["Dialysis",9.0],["Pharmacy",3.0],["Endoscopy/ENT/GI",1.0]],"headers":["Device_Type","CountofUniqueID"],"rawHeaders":["DEVICE_TYPE","CountofUniqueID"]},"headerInfo":[{"alias":"Device_Type","header":"Device_Type","type":"STRING","derived":false},{"alias":"CountofUniqueID","header":"CountofUniqueID","calculatedBy":"UniqueID","groupBy":["Device_Type"],"math":"Count","type":"NUMBER","derived":true}],"sortInfo":[{"alias":"CountofUniqueID","header":"CountofUniqueID","dir":"DESC","derived":false}],"numRows":18,"numCollected":-1,"taskOptions":{"0":{"layout":"Column","alignment":{"label":["Device_Type"],"value":["CountofUniqueID"]}}},"format":{"type":"TABLE"},"filterInfo":[],"taskId":"task1"},"operationType":["TASK_DATA"]},{"pixelExpression":"ifError ( ( Frame ( ) | Select ( Device_Type , Average ( Acquisition_Cost ) , Average ( Life_Expectancy ) , Count ( UniqueID ) ) .as ( [ Device_Type , AverageofAcquisition_Cost , AverageofLife_Expectancy , CountofUniqueID ] ) | Group ( Device_Type ) | With ( Panel ( 1 ) ) | Format ( type = [ 'table' ] ) | TaskOptions ( { \"1\" : { \"layout\" : \"Scatter\" , \"alignment\" : { \"label\" : [ \"Device_Type\" ] , \"x\" : [ \"AverageofAcquisition_Cost\" ] , \"y\" : [ \"AverageofLife_Expectancy\" ] , \"z\" : [ \"CountofUniqueID\" ] } } } ) | Collect ( - 1 ) ) , ( true ) ) ;","isMeta":false,"output":{"data":{"values":[["Anesthesia",43313.32310344828,9,58.0],["Audiology",14361.277868852458,11,61.0],["Bed",6832.041961325963,12,362.0],["Dialysis",14222.511111111113,7,9.0],["ECG/EKG",8344.843219178083,8,146.0],["Endoscopy/ENT/GI",4395.0,10,1.0],["Fetal_Monitor",608.6812,8,25.0],["Imaging",40590.469294041475,7,1544.0],["Infusion_Pump",2268.0455562500456,8,1600.0],["Intermittent_Devices",12570.802653846144,7,260.0],["Lab_Automation",38912.52527851461,7,377.0],["Medication_Dispensing",79033.81850000001,6,40.0],["Monitor",7245.1924370667875,7,2741.0],["Ophthalmology",11006.625763888873,9,144.0],["PACS",13151.504757763998,8,805.0],["Pharmacy",4852.126666666667,10,3.0],["Radiology",103884.15654654667,8,333.0],["Ventilator",18352.975648148134,8,108.0]],"headers":["Device_Type","AverageofAcquisition_Cost","AverageofLife_Expectancy","CountofUniqueID"],"rawHeaders":["DEVICE_TYPE","AverageofAcquisition_Cost","AverageofLife_Expectancy","CountofUniqueID"]},"headerInfo":[{"alias":"Device_Type","header":"Device_Type","type":"STRING","derived":false},{"alias":"AverageofAcquisition_Cost","header":"AverageofAcquisition_Cost","calculatedBy":"Acquisition_Cost","groupBy":["Device_Type"],"math":"Average","type":"NUMBER","derived":true},{"alias":"AverageofLife_Expectancy","header":"AverageofLife_Expectancy","calculatedBy":"Life_Expectancy","groupBy":["Device_Type"],"math":"Average","type":"NUMBER","derived":true},{"alias":"CountofUniqueID","header":"CountofUniqueID","calculatedBy":"UniqueID","groupBy":["Device_Type"],"math":"Count","type":"NUMBER","derived":true}],"sortInfo":[],"numRows":18,"numCollected":-1,"taskOptions":{"1":{"layout":"Scatter","alignment":{"x":["AverageofAcquisition_Cost"],"y":["AverageofLife_Expectancy"],"z":["CountofUniqueID"],"label":["Device_Type"]}}},"format":{"type":"TABLE"},"filterInfo":[],"taskId":"task9"},"operationType":["TASK_DATA"]},{"pixelExpression":"ifError ( ( Frame ( ) | Select ( Replacement_Date , Sum ( Acquisition_Cost ) ) .as ( [ Replacement_Date , SumofAcquisition_Cost ] ) | Group ( Replacement_Date ) | With ( Panel ( 2 ) ) | Format ( type = [ 'table' ] ) | TaskOptions ( { \"2\" : { \"layout\" : \"Line\" , \"alignment\" : { \"label\" : [ \"Replacement_Date\" ] , \"value\" : [ \"SumofAcquisition_Cost\" ] } } } ) | Collect ( - 1 ) ) , ( true ) ) ;","isMeta":false,"output":{"data":{"values":[[null,0.0],["1992-08-25",2000.0],["1997-05-22",4000.0],["1997-08-21",5400.0],["1997-08-24",72180.0],["1997-08-28",8000.0],["1997-09-01",8000.0],["1997-09-03",1600.0],["1997-09-10",4565.0],["1997-11-04",13696.0],["1998-01-01",3800.0],["1998-01-02",8000.0],["1998-01-29",6583.0],["1998-01-31",1600.0],["1998-10-18",4978.0],["1999-06-09",152.0],["1999-11-10",20000.0],["2001-02-26",15600.0],["2001-02-27",7800.0],["2001-05-30",14400.0],["2001-09-19",918.0],["2001-10-30",45680.0],["2001-11-03",35754.0],["2002-01-01",24000.0],["2002-01-10",2200.0],["2002-02-12",4700.0],["2002-02-25",4700.0],["2002-05-28",1894.0],["2002-09-25",4800.0],["2002-11-23",17570.0],["2002-12-26",5700.0],["2003-01-02",6111.0],["2003-01-16",2100.0],["2003-06-03",1237.0],["2003-11-14",6650.0],["2004-01-01",4766.65],["2004-02-28",495.0],["2004-04-07",30250.0],["2004-09-07",3985.0],["2004-10-20",2353.0],["2004-10-29",652.0],["2005-01-01",3000.0],["2005-02-17",3958.0],["2005-06-03",900.0],["2005-06-22",19826.0],["2005-08-28",3500.0],["2005-09-20",14550.0],["2005-09-30",2020.0],["2006-01-22",4467.23],["2006-01-26",58296.0],["2006-04-10",1500.0],["2006-05-29",2500.0],["2006-08-12",795.0],["2006-09-21",7000.0],["2006-11-01",13139.0],["2006-12-21",1000.0],["2007-04-08",6000.0],["2007-05-18",8087.73],["2007-08-27",1181.0],["2007-09-01",9399.26],["2007-10-02",70850.0],["2007-12-24",5200.0],["2008-01-01",900.0],["2008-03-09",10000.0],["2008-04-01",2538.0],["2008-04-03",5700.0],["2008-04-23",7000.0],["2008-05-02",1900.0],["2008-07-12",4600.0],["2008-08-18",31125.0],["2008-08-24",11187.0],["2008-08-31",3150.0],["2008-09-22",22374.0],["2008-09-29",13000.0],["2008-10-07",14400.0],["2008-10-30",3495.0],["2009-01-01",17136.0],["2009-02-26",8000.0],["2009-03-01",8400.0],["2009-03-02",12467.35],["2009-04-07",3200.0],["2009-04-11",3000.0],["2009-05-10",6400.0],["2009-06-18",1294.06],["2009-07-30",154570.0],["2009-08-16",1846.75],["2009-10-01",8568.0],["2009-10-04",6617.0],["2009-10-12",133925.0],["2009-11-01",2600.0],["2010-01-18",2588.12],["2010-02-25",10000.0],["2010-02-26",595.0],["2010-04-01",3994.74],["2010-04-03",565.0],["2010-04-13",5375.0],["2010-04-24",74400.0],["2010-04-27",4310.27],["2010-06-20",500.0],["2010-06-21",3920.0],["2010-07-01",5540.0],["2010-07-09",8015.0],["2010-08-03",8015.0],["2010-08-05",1864.0],["2010-08-15",11830.0],["2010-09-14",14085.0],["2010-09-18",3404.0],["2010-09-24",1532.93],["2010-10-01",17225.0],["2010-10-08",1125.0],["2010-10-10",7916.0],["2010-10-12",35851.0],["2010-10-16",500.0],["2010-11-08",4275.0],["2010-11-14",1500.0],["2010-11-19",8716.0],["2010-11-25",8405.0],["2011-01-12",2067.5],["2011-01-16",2945.0],["2011-01-21",10051.0],["2011-01-23",8405.0],["2011-02-02",2255.0],["2011-02-03",32000.0],["2011-04-15",2154.0],["2011-04-25",4565.0],["2011-06-17",7965.5],["2011-06-30",7210.38],["2011-07-11",5460.0],["2011-07-16",14767.5],["2011-07-29",34739.43],["2011-08-07",995.0],["2011-08-22",11750.0],["2011-09-16",18502.05],["2011-09-28",2255.0],["2011-09-30",10485.0],["2011-10-16",3500.0],["2011-10-17",500.0],["2011-10-22",52382.0],["2011-10-24",1848.0],["2011-10-27",22600.0],["2011-10-28",923.66],["2011-11-04",3065.86],["2011-11-10",9727.08],["2011-11-11",16810.0],["2011-12-01",682.0],["2011-12-18",27925.0],["2011-12-19",16500.0],["2012-01-01",2399.0],["2012-01-04",6565.31],["2012-01-23",61245.0],["2012-01-28",161500.0],["2012-01-29",0.0],["2012-03-04",820.5],["2012-04-27",0.0],["2012-05-03",350.0],["2012-05-07",1190.0],["2012-05-20",44000.0],["2012-06-04",29783.0],["2012-07-01",18500.0],["2012-07-19",8623.65],["2012-07-26",140000.0],["2012-08-13",2145.0],["2012-08-16",4990.0],["2012-09-04",0.0],["2012-09-21",829464.9],["2012-09-26",7136.0],["2012-09-27",41537.0],["2012-09-30",635.12],["2012-10-01",28828.800000000003],["2012-10-02",9240.0],["2012-10-07",3340.0],["2012-10-17",7136.0],["2012-10-21",1427.26],["2012-10-27",3725.0],["2012-11-04",635.12],["2012-11-06",0.0],["2012-11-08",5469.76],["2012-11-19",9165.0],["2012-11-26",2411.0],["2012-11-30",7685.0],["2012-12-09",1331.67],["2012-12-13",22308.0],["2012-12-23",8760.0],["2013-01-03",1500.0],["2013-01-13",395.0],["2013-01-14",7269.0],["2013-03-08",1577.58],["2013-03-11",2380.0],["2013-03-13",54.97],["2013-03-20",249582.0],["2013-03-28",36033.2],["2013-04-02",26600.0],["2013-04-21",82589.12],["2013-04-27",2395.36],["2013-05-04",23575.0],["2013-05-19",790.0],["2013-05-31",6790.0],["2013-06-07",42000.0],["2013-06-09",2395.36],["2013-06-10",1300.0],["2013-06-11",1500.0],["2013-06-21",3649.5],["2013-06-25",3591.0],["2013-06-29",3615.64],["2013-07-01",23953.600000000002],["2013-07-11",12000.0],["2013-07-13",24423.75],["2013-07-18",11685.0],["2013-07-28",7871.91],["2013-07-29",25751.7],["2013-07-31",16000.0],["2013-08-02",11187.0],["2013-08-04",6860.0],["2013-08-06",22000.0],["2013-08-08",10458.0],["2013-08-20",23965.0],["2013-08-26",9240.0],["2013-08-29",2179.0],["2013-09-01",12788.0],["2013-09-07",2499.0],["2013-09-08",21026.0],["2013-09-10",31400.0],["2013-09-11",1000.0],["2013-09-13",2495.0],["2013-09-22",3422.78],["2013-09-23",5090.0],["2013-09-26",1248.1],["2013-10-01",2495.0],["2013-10-05",6868.11],["2013-10-06",22928.0],["2013-10-08",4805.89],["2013-10-17",8400.0],["2013-10-20",23995.36],["2013-10-24",5071.0],["2013-10-27",2395.36],["2013-10-28",52500.0],["2013-10-30",2000.0],["2013-10-31",5000.0],["2013-11-01",40040.08],["2013-11-03",16767.52],["2013-11-04",8780.0],["2013-11-11",21000.0],["2013-11-24",191648.0],["2013-12-07",1458.4],["2013-12-15",7888.65],["2013-12-16",2395.36],["2013-12-17",1765.0],["2013-12-20",91890.0],["2013-12-21",4932.0],["2013-12-22",9696.0],["2013-12-31",3353.0],["2014-01-01",4355.0],["2014-01-05",20249.38],["2014-01-14",2499.0],["2014-01-21",3000.0],["2014-02-01",2706.49],["2014-02-02",5000.0],["2014-02-09",5724.48],["2014-02-14",2395.36],["2014-02-21",4790.72],["2014-02-23",15115.0],["2014-03-01",5000.0],["2014-03-17",4790.72],["2014-03-23",124674.21],["2014-03-24",1090.0],["2014-03-29",2395.36],["2014-04-01",60000.0],["2014-04-02",126000.0],["2014-04-03",71140.72],["2014-04-10",67919.0],["2014-04-20",803324.4],["2014-04-23",1000.0],["2014-04-26",14360.0],["2014-04-28",0.0],["2014-05-04",2706.49],["2014-05-14",0.2],["2014-05-15",5250.0],["2014-05-21",4840.0],["2014-05-22",15115.0],["2014-06-05",4058.13],["2014-06-07",226821.33],["2014-06-14",10988.0],["2014-06-15",3983.13],["2014-06-22",9156.0],["2014-06-27",3100.0],["2014-06-28",12702.769999999999],["2014-06-30",105449.05],["2014-07-10",6103.87],["2014-07-14",70684.0],["2014-07-17",16580.050000000003],["2014-07-18",28213.37],["2014-07-21",3000.0],["2014-07-24",47689.92999999999],["2014-07-26",725226.08],["2014-07-29",22100.0],["2014-08-07",35302.5],["2014-08-08",1437.22],["2014-08-11",17612.79],["2014-08-18",70662.5],["2014-08-21",6900.0],["2014-08-24",52591.0],["2014-08-27",57580.0],["2014-08-29",2121.0],["2014-08-31",37213.0],["2014-09-07",139192.5],["2014-09-09",3284.25],["2014-09-13",19249.640000000003],["2014-09-14",10727.45],["2014-09-15",6405.0],["2014-09-20",9004.0],["2014-09-21",10988.0],["2014-09-22",499.99],["2014-09-26",4800.0],["2014-10-02",17685.0],["2014-10-03",158087.54],["2014-10-11",9800.0],["2014-10-13",17472.73],["2014-10-14",353920.0],["2014-10-17",16750.0],["2014-10-19",17573.3],["2014-10-20",60000.0],["2014-10-21",58610.0],["2014-10-24",4456.67],["2014-10-27",2350.0],["2014-11-01",5795.01],["2014-11-02",120550.0],["2014-11-18",40121.0],["2014-11-20",14432.0],["2014-11-25",631570.2000000001],["2014-12-15",38341.649999999994],["2014-12-21",24000.0],["2014-12-23",5000.0],["2014-12-28",5262.38],["2015-01-01",12661.5],["2015-01-04",22131.08],["2015-01-05",1050.0],["2015-01-08",133495.36],["2015-01-11",2121.0],["2015-01-16",14745.48],["2015-01-17",14890.0],["2015-01-18",7570.0],["2015-01-19",12780.0],["2015-01-26",61916.0],["2015-01-29",29412.5],["2015-02-02",88359.85],["2015-02-07",6405.0],["2015-02-09",5677.5],["2015-02-14",13193.58],["2015-02-21",1942.5],["2015-02-23",8405.0],["2015-02-26",3885.0],["2015-02-28",25783.75],["2015-03-13",32990.0],["2015-03-22",8922.0],["2015-03-26",35738.69],["2015-03-27",6500.0],["2015-03-28",38975.0],["2015-03-30",134263.08000000002],["2015-04-02",28782.0],["2015-04-03",4395.0],["2015-04-05",102348.0],["2015-04-06",57737.0],["2015-04-09",7335.89],["2015-04-10",29800.0],["2015-04-12",15300.0],["2015-04-24",14900.0],["2015-04-30",2262.09],["2015-05-03",293025.72000000003],["2015-05-04",850.25],["2015-05-05",3000.0],["2015-05-06",5275.0],["2015-05-09",60750.0],["2015-05-13",0.0],["2015-05-15",1700.75],["2015-05-24",5073.8],["2015-05-25",4995.0],["2015-06-01",5662.89],["2015-06-06",9133.0],["2015-06-07",30000.0],["2015-06-11",15509.18],["2015-06-21",15721.12],["2015-06-22",37000.0],["2015-06-28",2222.09],["2015-07-01",0.0],["2015-07-06",23602.0],["2015-07-07",5000.0],["2015-07-10",28926.64],["2015-07-12",590.89],["2015-07-16",4498.5],["2015-07-25",5662.89],["2015-07-30",21000.0],["2015-07-31",21274.55],["2015-08-01",10830.0],["2015-08-03",28780.88],["2015-08-07",76830.58000000002],["2015-08-09",15500.0],["2015-09-02",103120.0],["2015-09-04",35213.0],["2015-09-05",2148.51],["2015-09-06",17437.53],["2015-09-08",0.0],["2015-09-11",65400.0],["2015-09-12",21264.0],["2015-09-13",9912.96],["2015-09-18",7808.29],["2015-09-19",1117.25],["2015-09-20",45050.0],["2015-09-26",15187.85],["2015-09-27",66806.9],["2015-09-28",51727.69],["2015-09-29",6444.93],["2015-09-30",8030.0],["2015-10-01",92900.98999999999],["2015-10-03",51506.540000000015],["2015-10-04",22000.0],["2015-10-05",6135.0],["2015-10-06",14739.119999999999],["2015-10-07",17250.0],["2015-10-10",6775.0],["2015-10-11",13018.16],["2015-10-12",158855.65],["2015-10-13",0.0],["2015-10-16",7595.0],["2015-10-17",76397.92],["2015-10-22",9044.76],["2015-10-24",6450.0],["2015-10-25",4581.66],["2015-10-30",1907.91],["2015-11-01",40883.0],["2015-11-02",7318.72],["2015-11-06",35133.75],["2015-11-08",10000.0],["2015-11-09",795.0],["2015-11-13",5934.32],["2015-11-21",10000.0],["2015-11-24",716220.0],["2015-11-29",1500000.0],["2015-11-30",2749706.0],["2015-12-01",112336.25],["2015-12-03",38917.03],["2015-12-18",17800.0],["2015-12-20",27977.170000000002],["2015-12-24",1828.48],["2015-12-26",169455.0],["2015-12-29",3011.0],["2016-01-05",28839.0],["2016-01-06",199214.69999999995],["2016-01-07",24029.59],["2016-01-09",5687.12],["2016-01-15",2915.3199999999997],["2016-01-20",7305.95],["2016-01-24",8228.0],["2016-02-13",1000.0],["2016-02-16",70000.0],["2016-02-22",1453691.0],["2016-02-25",40066.110000000015],["2016-02-27",10550.0],["2016-03-07",91844.0],["2016-03-08",90318.0],["2016-03-15",8401.7],["2016-03-20",1964003.0],["2016-03-21",1500.0],["2016-03-25",163745.0],["2016-04-01",19821.13],["2016-04-02",80000.0],["2016-04-10",51529.259999999995],["2016-04-11",5000.0],["2016-04-15",2495.0],["2016-04-22",5000.0],["2016-04-24",24995.0],["2016-04-27",0.0],["2016-05-04",5860.83],["2016-05-22",45544.0],["2016-05-27",2865.0],["2016-06-03",915.0],["2016-06-07",2350.79],["2016-06-11",547096.0],["2016-06-17",950.0],["2016-06-18",80906.04],["2016-06-27",1419.9],["2016-06-30",0.0],["2016-07-01",10752.0],["2016-07-07",14300.0],["2016-07-08",406422.7],["2016-07-15",14064.0],["2016-07-16",4774.0],["2016-07-18",1893.66],["2016-07-28",441162.7],["2016-07-29",2016.08],["2016-08-08",406422.7],["2016-08-11",17679.55],["2016-08-18",31823.19],["2016-08-20",97507.81],["2016-08-25",39513.26],["2016-08-26",17463.0],["2016-08-30",62950.0],["2016-08-31",4210.38],["2016-09-01",42301.0],["2016-09-02",1998.0],["2016-09-06",62424.0],["2016-09-08",89153.08],["2016-09-09",407272.75],["2016-09-10",31003.09],["2016-09-12",1700.0],["2016-09-15",23859.239999999998],["2016-09-22",30735.6],["2016-09-25",26547.5],["2016-09-26",13889.16],["2016-09-27",28520.0],["2016-09-30",166258.88],["2016-10-01",5310.86],["2016-10-02",37492.35],["2016-10-03",28520.0],["2016-10-04",15743.7],["2016-10-05",63030.0],["2016-10-06",89200.0],["2016-10-08",3780.0],["2016-10-13",47223.12],["2016-10-14",3390.0],["2016-10-15",39992.81],["2016-10-19",6545.0],["2016-10-20",6545.0],["2016-10-23",4999.0],["2016-10-24",2249.1],["2016-10-25",650.0],["2016-10-29",84480.0],["2016-11-02",29238.299999999992],["2016-11-17",145960.0],["2016-11-30",17821.85],["2016-12-04",4458.82],["2016-12-06",12500.0],["2016-12-12",3535.91],["2016-12-23",69914.0],["2017-01-01",117179.0],["2017-01-05",156495.95],["2017-01-08",11040.48],["2017-01-09",713907.0],["2017-01-17",73166.24],["2017-01-20",71595.4],["2017-02-19",3328.76],["2017-02-22",43725.0],["2017-02-23",50607.18],["2017-02-27",1915.0],["2017-03-05",3107.18],["2017-03-06",2259.64],["2017-03-17",1330.0],["2017-03-24",249000.0],["2017-03-25",650.0],["2017-03-27",68027.0],["2017-03-28",0.0],["2017-03-30",6500.0],["2017-03-31",22180.0],["2017-04-02",585.0],["2017-04-06",4785.0],["2017-04-07",8227.71],["2017-04-10",57737.0],["2017-04-13",2387.0],["2017-04-14",650.0],["2017-04-15",1330.0],["2017-04-19",42810.3],["2017-04-24",3238.63],["2017-04-25",195033.6],["2017-04-28",788125.0],["2017-05-05",9000.0],["2017-05-06",9800.0],["2017-05-07",7200.1],["2017-05-09",195033.6],["2017-05-11",390067.2],["2017-05-14",2771989.7300000004],["2017-05-20",102000.0],["2017-05-24",115932.66],["2017-05-29",850.0],["2017-05-31",0.0],["2017-06-03",11012.400000000001],["2017-06-04",26969.8],["2017-06-12",623567.7999999924],["2017-06-17",1255.72],["2017-06-23",4000.0],["2017-06-25",30100.0],["2017-07-01",17200.0],["2017-07-02",57737.0],["2017-07-14",3370.75],["2017-07-15",57737.0],["2017-07-16",565.0],["2017-07-19",7187.0],["2017-07-20",547013.6000000015],["2017-07-21",19958.0],["2017-07-24",67212.83],["2017-07-27",1862.0],["2017-07-28",16524.0],["2017-08-04",10950.0],["2017-08-05",71744.1],["2017-08-10",42366.479999999996],["2017-08-12",16107.0],["2017-08-13",2810.0],["2017-08-14",12926.66],["2017-08-15",0.0],["2017-08-21",1776.29],["2017-08-24",132272.30000000002],["2017-08-30",98756.0],["2017-08-31",122175.34999999999],["2017-09-01",43677.78],["2017-09-02",132265.2],["2017-09-03",21483.0],["2017-09-11",14212.03],["2017-09-16",65682.35],["2017-09-18",0.0],["2017-09-21",7471.0],["2017-09-22",18077.12],["2017-09-24",164889.0],["2017-09-25",199893.49],["2017-09-27",142068.8],["2017-09-28",39910.75],["2017-09-29",50395.0],["2017-09-30",75784.88999999998],["2017-10-02",1835.54],["2017-10-05",13495.0],["2017-10-06",69670.38999999998],["2017-10-08",0.0],["2017-10-11",5854.83],["2017-10-13",1566878.0799999998],["2017-10-14",38846.24],["2017-10-15",13664.15],["2017-10-16",58217.25],["2017-10-18",214885.0],["2017-10-20",3000.0],["2017-10-21",14225.0],["2017-10-22",21441.97],["2017-10-23",1893.36],["2017-10-25",155067.5],["2017-10-26",30146.92],["2017-10-27",70500.0],["2017-10-30",71465.0],["2017-11-01",13920.0],["2017-11-02",4838.57],["2017-11-05",541561.6699999983],["2017-11-06",0.0],["2017-11-09",95339.0],["2017-11-12",11700.0],["2017-11-15",14495.0],["2017-11-16",95925.0],["2017-11-19",162879.87],["2017-11-27",152405.37],["2017-11-29",69075.0],["2017-12-02",5738.63],["2017-12-03",8235.0],["2017-12-04",108270.36000000006],["2017-12-05",14852.6],["2017-12-07",122791.69000000003],["2017-12-08",36300.0],["2017-12-09",67179.72000000002],["2017-12-10",113167.0],["2017-12-18",31538.13],["2017-12-19",0.0],["2017-12-20",4050.0],["2017-12-21",33757.5],["2017-12-23",2510402.9000000004],["2018-01-04",6791.4],["2018-01-24",1200.0],["2018-01-26",119725.0],["2018-02-06",15700.0],["2018-02-07",3324.0],["2018-02-26",158481.4],["2018-02-27",22000.0],["2018-03-04",0.0],["2018-03-11",162395.0],["2018-03-14",18350.0],["2018-03-24",27716.05],["2018-03-26",4568.0],["2018-03-27",5663.48],["2018-03-29",2495.0],["2018-04-02",515.0],["2018-04-06",781.01],["2018-04-12",40739.27],["2018-04-15",2246.0],["2018-04-16",4903.17],["2018-04-22",486983.0],["2018-04-26",6791.4],["2018-05-04",10791.8],["2018-05-05",1766116.8],["2018-05-16",0.0],["2018-05-19",16500.0],["2018-06-03",595.0],["2018-06-07",0.0],["2018-06-15",219248.0],["2018-06-18",79743.16],["2018-06-19",92696.32],["2018-06-21",34900.88],["2018-06-22",109463.75],["2018-06-23",68272.02],["2018-06-24",2379.0],["2018-06-25",2995.0],["2018-06-26",24937.34],["2018-06-27",6658.08],["2018-07-01",693734.5],["2018-07-05",0.0],["2018-07-09",189800.0],["2018-07-12",329502.87],["2018-07-13",7989.48],["2018-07-16",0.0],["2018-07-21",4875.0],["2018-07-22",5037.5],["2018-07-24",14780.0],["2018-07-26",14200.0],["2018-07-28",1431.0],["2018-07-29",7783.28],["2018-07-31",48126.399999999994],["2018-08-01",0.0],["2018-08-02",25320.0],["2018-08-05",18095.0],["2018-08-12",8215.29],["2018-08-14",795.0],["2018-08-17",2999.06],["2018-08-18",4680.0],["2018-08-19",24703.07],["2018-08-23",42295.5],["2018-08-26",32478.0],["2018-08-27",74802.7],["2018-08-30",24081.239999999998],["2018-09-01",487991.0],["2018-09-02",3130966.58],["2018-09-03",2639.47],["2018-09-04",0.0],["2018-09-07",50877.5],["2018-09-08",98686.5],["2018-09-11",253505.0],["2018-09-12",2755.01],["2018-09-14",10557.88],["2018-09-15",141222.0],["2018-09-23",2298.2],["2018-09-24",51063.9],["2018-09-26",7640.0],["2018-09-27",32075.0],["2018-09-28",38760.0],["2018-09-29",62917.5],["2018-09-30",101968.69000000003],["2018-10-01",25875.0],["2018-10-03",42808.8],["2018-10-04",10900.0],["2018-10-05",97045.0],["2018-10-07",22496.25],["2018-10-08",3237.64],["2018-10-13",24026.47],["2018-10-15",5695.0],["2018-10-16",3673.74],["2018-10-17",126462.0],["2018-10-18",29389.920000000013],["2018-10-19",39423.32],["2018-10-26",23983.8],["2018-10-27",10472.0],["2018-10-30",29400.0],["2018-11-01",17325.0],["2018-11-02",5564988.449999998],["2018-11-04",3000.0],["2018-11-05",0.0],["2018-11-12",7697.67],["2018-11-13",4618.0],["2018-11-18",3980.0],["2018-11-24",36413.310000000005],["2018-11-25",86382.98000000001],["2018-11-30",291000.0],["2018-12-01",7477.27],["2018-12-02",24893.489999999998],["2018-12-05",89767.24],["2018-12-09",5000.0],["2018-12-10",83588.0],["2018-12-14",121030.0],["2018-12-15",912386.9899999988],["2018-12-18",83588.0],["2018-12-19",0.0],["2018-12-29",49207.5],["2018-12-31",95000.0],["2019-01-14",126299.0],["2019-01-15",246380.94000000003],["2019-01-20",92667.20999999999],["2019-01-22",769.95],["2019-01-24",3928.7699999999995],["2019-02-05",34716.4],["2019-02-08",1961.01],["2019-02-12",18952.38],["2019-02-13",5320.0],["2019-02-22",2780.02],["2019-02-24",9506.5],["2019-03-01",22463.94],["2019-03-10",116165.0],["2019-03-13",1477267.0],["2019-03-16",41344.0],["2019-03-20",178776.0],["2019-03-21",94405.0],["2019-03-25",9360.0],["2019-03-30",595.0],["2019-03-31",5239.0],["2019-04-23",0.0],["2019-04-27",46710.0],["2019-05-09",0.0],["2019-05-18",69770.14],["2019-05-29",26287.1],["2019-06-10",65000.0],["2019-06-14",16373.310000000001],["2019-06-15",102330.0],["2019-06-21",919.58],["2019-06-25",21999.989999999998],["2019-06-28",1961.01],["2019-06-30",634261.6],["2019-07-03",2000.0],["2019-07-07",348500.52999999997],["2019-07-08",26969.750000000015],["2019-07-19",0.0],["2019-07-24",127386.65],["2019-07-25",6874.41],["2019-07-27",485214.8],["2019-07-28",8170.41],["2019-07-29",13962.0],["2019-08-05",8850.0],["2019-08-11",1300.0],["2019-08-15",29518.549999999996],["2019-08-16",4995.0],["2019-08-23",61624.19999999999],["2019-08-24",21548.0],["2019-08-31",166752.0],["2019-09-01",158386.73],["2019-09-05",0.0],["2019-09-07",18678.4],["2019-09-08",7586.0],["2019-09-09",49595.0],["2019-09-13",38939.03999999999],["2019-09-15",149791.2],["2019-09-16",88160.0],["2019-09-19",48231.78],["2019-09-20",14059.0],["2019-09-21",136143.98],["2019-09-22",189782.87999999995],["2019-09-24",6913.86],["2019-09-25",98537.78999999998],["2019-09-26",47123.29],["2019-09-27",450284.85000000003],["2019-09-28",183977.73],["2019-09-29",4620.24],["2019-09-30",135579.4900000001],["2019-10-03",89686.0],["2019-10-04",130695.72],["2019-10-05",52819.5],["2019-10-06",89273.62],["2019-10-07",14668.04],["2019-10-08",22490.0],["2019-10-09",126687.6],["2019-10-11",26757.989999999998],["2019-10-12",8819.58],["2019-10-13",50803.93],["2019-10-14",10147.0],["2019-10-15",0.0],["2019-10-18",6964.0],["2019-10-19",252359.0],["2019-10-20",58303.28000000003],["2019-10-24",48340.98],["2019-10-26",28032.57],["2019-10-27",32531.58],["2019-10-29",7199.0],["2019-10-30",7370.16],["2019-11-01",105945.0],["2019-11-02",201842.47999999998],["2019-11-03",91872.00000000003],["2019-11-05",40900.0],["2019-11-12",168294.67],["2019-11-13",5218.5],["2019-11-29",0.0],["2019-12-02",79249.0],["2019-12-03",40336.229999999996],["2019-12-05",238464.0],["2019-12-13",47251.0],["2019-12-15",254998.98],["2019-12-30",0.0],["2020-01-04",569646.3400000001],["2020-01-05",14666.35],["2020-01-09",24135.0],["2020-01-19",282090.0],["2020-01-24",152551.34],["2020-01-28",0.0],["2020-01-29",0.0],["2020-01-30",3315.0],["2020-02-02",2174.0],["2020-02-04",6649.0],["2020-02-06",0.0],["2020-02-11",58500.0],["2020-02-17",23194.08],["2020-02-29",1907.91],["2020-03-01",895.01],["2020-03-05",40417.0],["2020-03-09",17400.0],["2020-03-10",40417.0],["2020-03-16",139051.62],["2020-03-24",41871.2],["2020-03-25",58336.37999999999],["2020-03-28",79100.0],["2020-03-30",20400.0],["2020-04-03",12198.0],["2020-04-04",6012.55],["2020-04-06",360756.88],["2020-04-09",107344.1],["2020-04-16",33846.659999999996],["2020-04-17",2042.78],["2020-04-19",721205.76],["2020-04-20",0.0],["2020-04-30",8550.0],["2020-05-07",11999.7],["2020-05-08",5262.59],["2020-05-11",60976.0],["2020-05-20",0.0],["2020-05-21",2985.61],["2020-05-26",810.0],["2020-05-27",1407.48],["2020-05-29",31170.4],["2020-05-31",56825.7],["2020-06-08",72717.33],["2020-06-09",531003.0],["2020-06-11",0.0],["2020-06-14",10051.27],["2020-06-17",47443.12],["2020-06-18",922200.0],["2020-06-24",1500.0],["2020-06-27",8644.0],["2020-07-02",2519.0],["2020-07-06",261738.0],["2020-07-13",22764.0],["2020-07-20",15840.0],["2020-07-23",18417.42],["2020-07-25",795.01],["2020-07-27",4564.5],["2020-07-30",62321.48],["2020-08-01",393376.0],["2020-08-02",27882.28],["2020-08-03",0.0],["2020-08-05",56250.0],["2020-08-09",1893.36],["2020-08-10",360756.88],["2020-08-11",0.0],["2020-08-14",4355.8],["2020-08-20",3995.0],["2020-08-23",7970.5],["2020-08-24",3199.0],["2020-08-25",895.02],["2020-08-26",2380.0],["2020-08-29",70756.0],["2020-08-30",466532.0],["2020-08-31",45984.0],["2020-09-03",1022.0],["2020-09-05",919.73],["2020-09-06",57480.0],["2020-09-10",82237.23],["2020-09-11",31356.799999999996],["2020-09-12",113379.04000000001],["2020-09-13",2801.0],["2020-09-14",26040.0],["2020-09-15",558.95],["2020-09-17",24000.0],["2020-09-18",0.0],["2020-09-19",29575.25],["2020-09-20",9202.0],["2020-09-21",24750.64],["2020-09-23",70340.0],["2020-09-24",5450.31],["2020-09-25",141540.0],["2020-09-26",32975.0],["2020-09-27",7400.0],["2020-10-01",85707.68000000002],["2020-10-02",8108.0],["2020-10-03",39500.0],["2020-10-08",9485.0],["2020-10-09",736823.4600000002],["2020-10-10",94925.52000000003],["2020-10-12",585790.0],["2020-10-13",16348.0],["2020-10-15",0.0],["2020-10-16",17326.059999999998],["2020-10-17",26542.86],["2020-10-18",577614.5299999998],["2020-10-20",432890.0],["2020-10-22",272282.19999999995],["2020-10-24",3573.46],["2020-10-25",79076.5],["2020-10-28",354400.2],["2020-10-29",7409.33],["2020-10-30",127316.09999999999],["2020-11-01",41440.0],["2020-11-02",12071.26],["2020-11-03",29077.8],["2020-11-04",0.0],["2020-11-05",20943.0],["2020-11-10",22010.600000000002],["2020-11-13",55666.42],["2020-11-19",455039.4699999999],["2020-11-20",50623.64],["2020-11-21",58745.03999999999],["2020-11-23",14327.5],["2020-11-26",6792.5],["2020-12-02",48400.0],["2020-12-06",4692.0],["2020-12-10",457495.3599999996],["2020-12-11",1040521.8600000001],["2020-12-16",65031.68],["2020-12-17",38833.35],["2020-12-18",460716.8999999996],["2020-12-19",1311792.18],["2020-12-27",2495.0],["2020-12-28",44958.15],["2020-12-30",338370.0],["2021-01-04",373913.68],["2021-01-05",98371.0],["2021-01-08",2944.09],["2021-01-10",5864.1900000000005],["2021-01-14",3075.17],["2021-01-18",26583.75],["2021-01-21",12249.6],["2021-01-24",101500.0],["2021-01-25",530.0],["2021-01-27",0.0],["2021-01-29",1712.54],["2021-02-06",1919.64],["2021-02-07",104902.35],["2021-02-08",62280.65000000001],["2021-02-09",0.0],["2021-02-14",15637.5],["2021-02-18",46000.0],["2021-02-19",967116.0399999988],["2021-02-20",83595.6],["2021-02-22",156575.0],["2021-02-25",8678.56],["2021-02-27",3070.34],["2021-02-28",495.01],["2021-03-01",14527.580000000002],["2021-03-02",2000.0],["2021-03-04",544419.0],["2021-03-05",970.0],["2021-03-13",174405.65999999997],["2021-03-14",181638.23999999993],["2021-03-18",431664.74000000017],["2021-03-19",271498.5599999998],["2021-03-25",176680.0],["2021-03-26",245187.3999999999],["2021-03-27",10720.380000000001],["2021-03-28",30842.600000000006],["2021-04-08",60585.0],["2021-04-11",0.0],["2021-04-12",274227.18999999994],["2021-04-22",0.0],["2021-04-26",5409.0],["2021-04-29",2279.0],["2021-05-05",64935.0],["2021-05-10",18600.0],["2021-05-17",31657.0],["2021-05-20",360602.88],["2021-05-21",8052.0],["2021-05-23",337671.39],["2021-06-07",1824084.0],["2021-06-08",17030.69],["2021-06-09",115000.0],["2021-06-14",0.0],["2021-06-22",1633.79],["2021-06-23",10000.0],["2021-06-24",128329.84],["2021-06-26",302474.0],["2021-06-28",25214.0],["2021-07-02",153900.0],["2021-07-03",260466.0],["2021-07-05",6298.0],["2021-07-07",39600.0],["2021-07-08",500.0],["2021-07-11",49416.0],["2021-07-15",22499.0],["2021-07-19",551980.08],["2021-07-20",39886.0],["2021-07-21",2000.0],["2021-07-26",360602.88],["2021-07-29",0.0],["2021-08-01",4339.55],["2021-08-03",2000.0],["2021-08-05",117522.0],["2021-08-14",121965.20000000001],["2021-08-16",3736.0],["2021-08-21",3200.0],["2021-08-29",22908.82],["2021-09-07",19600.0],["2021-09-08",1000.0],["2021-09-12",1846.31],["2021-09-14",18711.0],["2021-09-15",4339.55],["2021-09-16",20000.0],["2021-09-17",4675.0],["2021-09-18",10732.4],["2021-09-19",27440.0],["2021-09-22",2437.94],["2021-09-23",64756.43],["2021-09-25",278388.71],["2021-09-27",363268.16],["2021-09-28",3440.2],["2021-09-29",6630.68],["2021-09-30",104181.0],["2021-10-01",13323.24],["2021-10-03",46340.03999999999],["2021-10-06",191134.3],["2021-10-08",74576.8],["2021-10-10",0.0],["2021-10-11",1955.48],["2021-10-12",36945.8],["2021-10-14",105443.72],["2021-10-15",13396.65],["2021-10-17",31950.489999999998],["2021-10-21",3990.0],["2021-10-24",24147.0],["2021-10-25",25500.0],["2021-10-27",9300.0],["2021-10-29",38970.0],["2021-11-01",4078.79],["2021-11-02",2063.16],["2021-11-04",17164.13],["2021-11-05",451450.0],["2021-11-06",2655.43],["2021-11-07",141000.0],["2021-11-08",16915.0],["2021-11-09",5962.87],["2021-11-10",30000.0],["2021-11-11",221500.0],["2021-11-12",11834.0],["2021-11-13",11100.0],["2021-11-15",5409.0],["2021-11-18",39100.0],["2021-11-22",108746.18],["2021-11-23",3085.04],["2021-11-29",183874.0],["2021-12-01",97296.48],["2021-12-03",62954.39999999999],["2021-12-04",3650.0],["2021-12-08",80000.0],["2021-12-13",2929.2599999999998],["2021-12-15",10000.0],["2021-12-18",2086719.0],["2021-12-19",217692.5],["2021-12-21",29872.0],["2021-12-30",36075.0],["2022-01-13",37878.18],["2022-01-20",28999.0],["2022-01-25",4339.55],["2022-02-06",143438.8],["2022-02-10",12000.0],["2022-02-13",80000.0],["2022-02-14",12875.28],["2022-02-16",9300.0],["2022-03-01",68850.0],["2022-03-03",44250.0],["2022-03-04",2925.0],["2022-03-05",0.0],["2022-03-10",0.0],["2022-03-11",2544.0],["2022-03-13",0.0],["2022-03-16",0.0],["2022-03-19",3447.91],["2022-03-20",4841.88],["2022-03-25",3212.37],["2022-03-30",55501.0],["2022-04-02",9290.31],["2022-04-03",6099.0],["2022-04-09",12833.71],["2022-04-10",370.74],["2022-04-18",19160.0],["2022-04-21",39250.0],["2022-04-22",525.91],["2022-05-09",0.0],["2022-05-22",1087.79],["2022-05-23",229680.0],["2022-05-27",7924.25],["2022-05-31",164500.0],["2022-06-04",2540.0],["2022-06-06",72218.84999999998],["2022-06-11",775.0],["2022-06-12",3922.0],["2022-06-30",0.0],["2022-07-06",12607.0],["2022-07-08",509666.2999999999],["2022-07-09",156016.59],["2022-07-12",0.0],["2022-07-26",0.0],["2022-07-29",273822.73],["2022-07-31",22758.0],["2022-08-02",24376.059999999998],["2022-08-03",374471.03],["2022-08-04",21990.0],["2022-08-08",10499.91],["2022-08-09",20000.16],["2022-08-11",1.5503694579999998E7],["2022-08-12",10160.0],["2022-08-14",32358.359999999997],["2022-08-15",12198.0],["2022-08-16",14004.24],["2022-08-22",6242.0],["2022-08-23",786834.79],["2022-08-24",125000.0],["2022-08-25",13526.939999999999],["2022-08-26",32787.9],["2022-08-27",8080.0],["2022-08-28",1950.28],["2022-08-31",18810.0],["2022-09-03",124.59],["2022-09-04",22719.67],["2022-09-07",37620.0],["2022-09-08",36765.0],["2022-09-09",3279.57],["2022-09-10",11400.0],["2022-09-11",9550.0],["2022-09-14",7824.25],["2022-09-16",106600.0],["2022-09-17",1698.31],["2022-09-18",5366.2],["2022-09-19",147107.88],["2022-09-20",7896.0],["2022-09-21",500.0],["2022-09-22",8400.0],["2022-09-24",473661.25],["2022-09-25",148891.2],["2022-09-26",69599.0],["2022-09-27",32357.85],["2022-09-29",0.0],["2022-09-30",391254.0],["2022-10-02",549.0],["2022-10-03",259602.0],["2022-10-07",9333.78],["2022-10-08",4199.0],["2022-10-09",92092.38],["2022-10-10",9300.0],["2022-10-16",12396.27],["2022-10-17",61000.0],["2022-10-24",116000.0],["2022-10-29",17138.0],["2022-10-30",10447.84],["2022-10-31",1214.0],["2022-11-03",0.0],["2022-11-07",16603.46],["2022-11-09",14936.0],["2022-11-13",19780.49],["2022-11-16",440639.8],["2022-11-21",292607.0],["2022-11-25",551.6],["2022-11-26",58700.0],["2022-11-28",18151.04],["2022-11-29",70000.0],["2022-12-01",29443.25],["2022-12-04",36082.44],["2022-12-05",34100.0],["2022-12-11",9300.0],["2022-12-28",96897.0],["2023-01-10",24689.0],["2023-01-11",24689.0],["2023-01-14",0.0],["2023-01-25",84000.0],["2023-01-28",0.0],["2023-02-05",10143.0],["2023-02-09",117810.0],["2023-02-17",67032.0],["2023-02-18",5001.75],["2023-02-24",3994.74],["2023-02-27",45899.72],["2023-03-01",821.4],["2023-03-02",5098.0],["2023-03-13",155900.0],["2023-03-14",28612.739999999998],["2023-03-18",9825.0],["2023-03-21",32824.0],["2023-03-22",45133.0],["2023-03-25",61250.0],["2023-03-28",82060.0],["2023-04-01",6252.26],["2023-04-02",18705.5],["2023-04-03",27980.0],["2023-04-08",798.0],["2023-04-09",60974.740000000005],["2023-04-16",26654.44],["2023-04-17",2538.0],["2023-04-18",1165.64],["2023-04-30",18652.06],["2023-05-11",7989.48],["2023-05-14",1445.0],["2023-05-15",18041.88],["2023-05-22",0.0],["2023-05-27",11809.96],["2023-06-04",28029.2],["2023-06-09",0.0],["2023-06-17",0.0],["2023-06-22",11587.5],["2023-06-24",39538.8],["2023-06-29",53579.74],["2023-07-10",2084440.0],["2023-07-15",79700.0],["2023-07-20",4504.5],["2023-07-23",92327.16],["2023-07-27",532391.55],["2023-07-29",1295.43],["2023-07-31",114438.65000000001],["2023-08-01",16325.0],["2023-08-03",35664.0],["2023-08-05",90682.0],["2023-08-25",15000.0],["2023-08-28",15592.75],["2023-08-29",6508.0],["2023-08-31",0.0],["2023-09-04",15610.0],["2023-09-11",42632.0],["2023-09-14",61993.8],["2023-09-16",895.0],["2023-09-18",90910.71],["2023-09-19",54980.0],["2023-09-23",12849.8],["2023-09-27",11964.33],["2023-09-29",5457.77],["2023-10-03",949.98],["2023-10-07",559.26],["2023-10-08",172785.16],["2023-10-09",330989.79999999993],["2023-10-10",1207331.24],["2023-10-16",23968.949999999997],["2023-10-18",47310.0],["2023-10-20",81813.0],["2023-10-23",38933.0],["2023-10-29",99442.0],["2023-10-30",10133.71],["2023-11-12",6005.98],["2023-11-13",915366.72],["2023-11-21",64478.28000000002],["2023-11-27",212812.0],["2023-12-04",80000.0],["2023-12-07",4221.56],["2023-12-08",23466.0],["2023-12-10",48535.12],["2023-12-15",35050.0],["2023-12-16",15000.0],["2023-12-19",1592632.0],["2023-12-30",2395.0],["2024-01-02",6640.49],["2024-01-04",3128.14],["2024-01-20",19500.0],["2024-01-21",104850.0],["2024-01-27",80475.0],["2024-01-28",4590.0],["2024-02-03",4078.8],["2024-02-09",27447.4],["2024-02-14",3780.77],["2024-02-18",20000.0],["2024-03-03",9095.25],["2024-03-08",28938.44],["2024-03-11",19483.53],["2024-03-14",895.0],["2024-03-16",4875.0],["2024-03-18",13669.499999999996],["2024-03-28",25908.0],["2024-04-01",12697.96],["2024-04-12",45776.31],["2024-04-13",23531.94],["2024-04-19",7989.65],["2024-04-20",4680.0],["2024-04-27",13507.15],["2024-04-29",20410.58],["2024-05-02",173904.2],["2024-05-03",105000.0],["2024-05-09",5469048.91],["2024-05-12",38817.66],["2024-05-16",86860.35],["2024-05-21",28553.76],["2024-05-25",11768.25],["2024-05-27",895.0],["2024-05-30",5037.12],["2024-06-02",9544.74],["2024-06-03",92394.38],["2024-06-06",26497.46],["2024-06-07",19231.040000000005],["2024-06-09",52353.0],["2024-06-13",64673.14],["2024-06-14",0.0],["2024-06-17",1698.31],["2024-06-20",8583.52],["2024-06-22",4464.0],["2024-06-23",15372.0],["2024-06-24",141240.5],["2024-06-27",26310.02],["2024-06-28",3387.42],["2024-06-29",25448.579999999994],["2024-06-30",0.0],["2024-07-05",35000.01],["2024-07-07",39293.0],["2024-07-11",7966.26],["2024-07-14",12203.81],["2024-07-19",175000.0],["2024-07-29",71837.67],["2024-08-01",17755.0],["2024-08-10",9615.0],["2024-08-12",16827.160000000003],["2024-08-15",41209.46],["2024-08-24",44347.56],["2024-08-29",638.61],["2024-08-30",223494.43999999994],["2024-09-02",21778.24],["2024-09-03",3882.18],["2024-09-06",170192.14999999997],["2024-09-07",25000.0],["2024-09-08",14990.0],["2024-09-11",5675.0],["2024-09-14",112808.0],["2024-09-15",32463.88],["2024-09-19",35046.0],["2024-09-25",141368.0],["2024-09-27",614940.1799999998],["2024-09-29",133295.81999999995],["2024-09-30",42521.0],["2024-10-04",168190.0],["2024-10-05",4680.0],["2024-10-06",65787.04],["2024-10-07",81635.0],["2024-10-09",100318.64],["2024-10-11",71800.0],["2024-10-12",105089.69],["2024-10-13",681.94],["2024-10-19",62348.0],["2024-10-24",214300.47999999998],["2024-10-25",24967.56],["2024-11-01",3994.74],["2024-11-03",112822.0],["2024-11-08",36611.43],["2024-11-09",13263.52],["2024-11-14",118871.04000000001],["2024-11-15",3573.46],["2024-11-17",11966.0],["2024-11-20",115318.40000000001],["2024-11-28",0.0],["2024-11-29",0.0],["2024-12-02",1077.8],["2024-12-06",167344.25],["2024-12-08",7335.1],["2024-12-13",4680.0],["2024-12-19",12420.82],["2024-12-21",44808.0],["2024-12-24",4669.0],["2024-12-26",4355.8],["2024-12-27",41884.7],["2024-12-29",30500.0],["2025-01-01",23382.0],["2025-01-03",53307.79999999999],["2025-01-13",21426.09],["2025-01-17",15230.8],["2025-01-18",7615.4],["2025-01-25",8340.58],["2025-02-03",4648.64],["2025-02-17",4186.0],["2025-03-01",2255.01],["2025-03-09",1877367.8],["2025-03-10",34500.0],["2025-03-26",34902.64],["2025-04-13",9360.0],["2025-04-17",8378.82],["2025-04-20",11370.0],["2025-04-30",1430.21],["2025-05-04",4291.76],["2025-05-12",27656.29],["2025-05-16",13801.0],["2025-05-23",576990.38],["2025-05-24",1550.0],["2025-05-25",63965.0],["2025-05-30",12964.07],["2025-06-01",25810.25],["2025-06-08",42971.64],["2025-06-22",66687.67],["2025-06-23",11942.280000000002],["2025-06-26",9806.279999999999],["2025-06-30",2070.0],["2025-07-03",11942.280000000002],["2025-07-07",39298.64000000001],["2025-07-10",130700.0],["2025-07-11",68750.68],["2025-07-12",94000.0],["2025-07-21",19000.0],["2025-07-27",40000.0],["2025-07-31",4000.0],["2025-08-01",31723.400000000005],["2025-08-03",11914.06],["2025-08-04",18853.120000000003],["2025-08-08",62554.439999999995],["2025-08-11",100080.0],["2025-08-14",61877.53999999998],["2025-08-16",188906.6400000002],["2025-08-17",100000.0],["2025-08-18",1950080.0],["2025-08-22",10944.82],["2025-08-24",113828.36000000006],["2025-08-25",74621.5],["2025-08-31",130410.20000000001],["2025-09-06",155910.21],["2025-09-11",29494.88],["2025-09-14",26140.0],["2025-09-16",22771.46],["2025-09-18",269684.43],["2025-09-19",1835.0],["2025-09-25",39958.560000000005],["2025-09-26",2419.33],["2025-09-27",143680.66999999998],["2025-09-29",346797.8],["2025-09-30",65799.75],["2025-10-01",17422.6],["2025-10-03",155140.04000000004],["2025-10-04",124199.67000000003],["2025-10-05",11991.84],["2025-10-06",11182.54],["2025-10-09",146596.0],["2025-10-10",25979.91],["2025-10-11",547908.05],["2025-10-13",106574.59999999999],["2025-10-16",164003.96000000002],["2025-10-17",9150.0],["2025-10-21",12216.61],["2025-10-23",4492.88],["2025-10-25",1997.7],["2025-10-26",115000.0],["2025-10-31",81659.0],["2025-11-01",16363.9],["2025-11-02",4000.0],["2025-11-04",59508.0],["2025-11-06",133730.52],["2025-11-07",3080.5199999999995],["2025-11-09",81706.65],["2025-11-13",5000.0],["2025-11-15",22438.85],["2025-11-17",31474.89],["2025-11-20",299699.61],["2025-11-21",279265.04000000004],["2025-11-24",19928.74],["2025-12-02",1495.0],["2025-12-05",9300.24],["2025-12-09",80070.0],["2025-12-15",0.0],["2025-12-16",5000.0],["2026-01-04",166783.80000000002],["2026-01-13",794048.0],["2026-01-28",400.0],["2026-02-09",1008924.62],["2026-02-24",5874.0],["2026-03-02",69314.96],["2026-03-04",6663.2],["2026-03-08",125897.7],["2026-03-09",37410.78],["2026-03-16",2570.0],["2026-03-29",21087.0],["2026-03-30",27913.2],["2026-04-18",88149.12000000001],["2026-04-19",19539.75],["2026-04-20",5060.0],["2026-04-27",18000.0],["2026-04-29",5000.0],["2026-05-19",3714.0],["2026-06-06",10357.869999999999],["2026-06-23",5477.1],["2026-07-14",13343.5],["2026-07-19",16594.77],["2026-07-27",25718.93],["2026-07-29",2571.21],["2026-08-05",14640.739999999996],["2026-08-08",861.22],["2026-08-11",11347.87],["2026-08-15",8048.72],["2026-08-24",8051.66],["2026-09-07",5900.0],["2026-09-18",110000.0],["2026-09-19",16396.72],["2026-09-20",13343.5],["2026-09-22",17190.0],["2026-09-29",291372.76],["2026-10-05",8910.0],["2026-10-11",291372.76],["2026-10-12",4680.0],["2026-10-13",21235.41],["2026-10-22",149803.91],["2026-10-24",85900.0],["2026-11-01",576325.0],["2026-11-03",370777.5],["2026-11-07",62490.0],["2026-11-08",29059.45],["2026-11-10",296622.0],["2026-11-22",99869.2],["2026-12-06",9047.95],["2026-12-19",1344622.1900000002],["2026-12-28",25000.0],["2027-01-04",278404.8],["2027-01-11",278404.8],["2027-01-13",34998.19],["2027-01-25",9391.76],["2027-02-08",3500.0],["2027-02-10",545073.0],["2027-02-15",363206.39999999997],["2027-02-17",5060.0],["2027-03-22",3907.95],["2027-04-13",2570.0],["2027-04-17",8850.0],["2027-05-12",5591.12],["2027-06-13",9015.539999999999],["2027-06-19",311754.2900000001],["2027-06-20",3005.18],["2027-06-23",0.0],["2027-06-26",3907.95],["2027-06-29",6227.8],["2027-07-26",1495.0],["2027-07-31",4186.0],["2027-08-02",4171.09],["2027-08-08",6850.0],["2027-08-09",11689.89],["2027-08-14",2530.0],["2027-08-18",15000.0],["2027-08-24",5857.390000000001],["2027-08-31",29139.54],["2027-09-14",92787.20000000003],["2027-09-15",596460.0],["2027-09-19",15507.56],["2027-09-21",6514.200000000001],["2027-10-01",61771.57],["2027-10-02",3907.95],["2027-10-03",58442.23],["2027-10-04",34669.52],["2027-10-06",10133.71],["2027-10-10",9804.14],["2027-10-11",3097.95],["2027-10-12",2314.16],["2027-10-13",1397.4],["2027-10-23",1057352.9600000007],["2027-10-24",36512.0],["2027-10-31",2009956.59],["2027-11-06",117318.97],["2027-11-08",3900.0],["2027-11-17",11721.46],["2027-12-05",2530.0],["2027-12-06",2530.0],["2028-01-01",14423.25],["2028-02-01",35319.0],["2028-04-27",35287.0],["2028-05-18",4355.8],["2029-01-30",30119.0],["2029-05-24",4355.8],["2029-10-14",23715.0],["2031-03-30",30272.9],["2031-11-18",34500.0],["2032-09-06",5347.0],["2032-11-15",58490.34]],"headers":["Replacement_Date","SumofAcquisition_Cost"],"rawHeaders":["REPLACEMENT_DATE","SumofAcquisition_Cost"]},"headerInfo":[{"alias":"Replacement_Date","header":"Replacement_Date","type":"DATE","derived":false},{"alias":"SumofAcquisition_Cost","header":"SumofAcquisition_Cost","calculatedBy":"Acquisition_Cost","groupBy":["Replacement_Date"],"math":"Sum","type":"NUMBER","derived":true}],"sortInfo":[],"numRows":1644,"numCollected":-1,"taskOptions":{"2":{"layout":"Line","alignment":{"label":["Replacement_Date"],"value":["SumofAcquisition_Cost"]}}},"format":{"type":"TABLE"},"filterInfo":[],"taskId":"task21"},"operationType":["TASK_DATA"]},{"pixelExpression":"Frame ( ) | Select ( EHR_Compatible , Device_Class , UniqueID ) .as ( [ EHR_Compatible , Device_Class , UniqueID ] ) | With ( Panel ( 5 ) ) | Format ( type = [ 'table' ] ) | TaskOptions ( { \"5\" : { \"layout\" : \"Grid\" , \"alignment\" : { \"label\" : [ \"EHR_Compatible\" , \"Device_Class\" , \"UniqueID\" ] } } } ) | Collect ( 500 ) ;","isMeta":false,"output":{"data":{"values":[["No","BEDS",505],["No","MICROSCOPES",193],["No","MONITORING_SYSTEMS,_PHYSIOLOGIC",292],["No","TRANSDUCERS",13],["No","INCUBATORS",109],["No","MICROSCOPES",173],["No","SCANNING_SYSTEMS",127],["No","VENTILATORS",111],["No","MICROSCOPES",196],["No","PHYSIOLOGIC_MONITOR_MODULES",364],["No","LAPAROSCOPES",485],["No","SERVERS",86],["No","SCANNING_SYSTEMS",157],["No","MONITORING_SYSTEMS,_PHYSIOLOGIC",345],["No","PHYSIOLOGIC_MONITOR_MODULES",361],["No","TRANSDUCERS",4],["No","TRANSDUCERS",3],["No","LAPAROSCOPES",454],["No","COMPUTER_AIDED_DESIGN/MANUFACTURING_SYSTEMS",124],["No","OPHTHALMOSCOPES/OTOSCOPES",35],["No","DETECTORS,_FETAL_HEART",421],["No","PHYSIOLOGIC_MONITOR_MODULES",322],["No","CYSTOSCOPES",586],["No","MONITORING_SYSTEMS,_PHYSIOLOGIC",246],["No","AUDIOMETERS",495],["No","REFRACTORS,_OPHTHALMIC",222],["No","MONITORING_SYSTEMS,_PHYSIOLOGIC",236],["No","PHYSIOLOGIC_MONITOR_MODULES",294],["No","MONITORING_SYSTEMS,_PHYSIOLOGIC",228],["No","VENTILATORS",34],["No","INCUBATORS",43],["No","TRANSDUCERS",76],["No","SCANNING_SYSTEMS",162],["No","PHYSIOLOGIC_MONITOR_MODULES",368],["No","MONITORS,_BEDSIDE",343],["No","MICROSCOPES",210],["No","AUDITORY_FUNCTION_SCREENING_DEVICES",257],["No","MONITORS,_BEDSIDE",347],["No","INCUBATORS",133],["No","MICROSCOPES",215],["No","MONITORS,_BEDSIDE",353],["No","INCUBATORS",136],["No","INCUBATORS",137],["No","MONITORS,_TELEMETRIC",223],["No","MONITORING_SYSTEMS,_PHYSIOLOGIC",321],["No","MONITORS,_VIDEO",284],["No","TRANSDUCERS",57],["No","COMPUTER-AIDED_DETECTION_SYSTEMS",355],["No","MONITORS,_VIDEO",302],["No","ANALYZERS,_PHYSIOLOGIC,_NEUROMUSCULAR_FUNCTION",214],["No","MONITORS,_VIDEO",304],["No","MONITORS,_VIDEO",307],["No","ANALYZERS,_LABORATORY,_BLOOD",42],["No","URETEROSCOPES",59],["No","PHYSIOLOGIC_MONITOR_MODULES",397],["No","SPHYGMOMANOMETERS",484],["No","VENTILATORS",145],["No","SERVERS",126],["No","SCANNING_SYSTEMS",197],["No","MONITORS,_VIDEO",282],["No","MONITORS,_TELEMETRIC",244],["No","MONITORS,_BEDSIDE",381],["No","SPIROMETERS,_DIAGNOSTIC",146],["No","WORKSTATIONS",613],["No","DETECTORS,_BLOOD_FLOW",614],["No","MONITORS,_VIDEO",194],["No","NASOPHARYNGOSCOPES",420],["No","PHYSIOLOGIC_MONITOR_MODULES",280],["No","MONITORS,_VIDEO",190],["No","COMPUTERS",550],["No","MICROSCOPES",110],["No","VENTILATORS",16],["No","PHYSIOLOGIC_MONITOR_MODULES",273],["No","COMPUTERS",542],["No","CAMERAS,_VIDEO",574],["No","LAPAROSCOPES",385],["No","MONITORING_SYSTEMS,_PHYSIOLOGIC",198],["No","MONITORS,_BEDSIDE",234],["No","MONITORS,_TELEMETRIC",100],["No","MONITORS,_BEDSIDE",227],["No","DETECTORS,_BLOOD_FLOW",585],["No","BEDS",580],["No","MONITORS,_BEDSIDE",221],["No","MICROSCOPES",83],["No","LARYNGOSCOPES",40],["No","MONITORING_SYSTEMS,_PHYSIOLOGIC",179],["No","PHYSIOLOGIC_MONITOR_MODULES",245],["No","INFUSION_PUMPS",605],["No","PHYSIOLOGIC_MONITOR_MODULES",235],["No","BEDS",563],["No","MONITORS,_VIDEO",141],["No","WORKSTATIONS",546],["No","RADIOGRAPHIC_SYSTEMS",610],["No","ELECTROCARDIOGRAPHS",511],["No","COLONOSCOPES",7],["No","SCANNING_SYSTEMS",12],["No","PHYSIOLOGIC_MONITOR_MODULES",219],["No","VIDEO_SYSTEMS",116],["No","MONITORS,_BEDSIDE",191],["No","MONITORING_SYSTEMS,_PHYSIOLOGIC",152],["No","LAPAROSCOPES",339],["No","PHYSIOLOGIC_MONITOR_MODULES",217],["No","INFUSION_PUMPS",579],["No","DETECTORS,_BLOOD_FLOW",544],["No","LAPAROSCOPES",332],["No","RADIOGRAPHIC_SYSTEMS",600],["No","OSMOMETERS",599],["No","ANALYZERS,_PHYSIOLOGIC,_MIDDLE_EAR",459],["No","ANALYZERS,_LABORATORY,_HEMATOLOGY",171],["No","COMPUTERS",474],["No","WORKSTATIONS",528],["No","LAPAROSCOPES",319],["No","CAMERAS",74],["No","MICROSCOPES",31],["No","COMPUTERS",467],["No","BEDS",523],["No","NASOPHARYNGOSCOPES",329],["No","BEDS",512],["No","PHYSIOLOGIC_MONITOR_MODULES",185],["No","MONITORING_SYSTEMS,_PHYSIOLOGIC",118],["No","NASOPHARYNGOSCOPES",323],["No","MICROSCOPES",17],["No","ELECTROCARDIOGRAPHS",465],["No","REFRACTORS,_OPHTHALMIC",90],["No","BEDS",506],["No","SCANNING_SYSTEMS",158],["No","MICROSCOPES",247],["No","AUDIOMETERS",594],["No","MONITORING_SYSTEMS,_PHYSIOLOGIC",348],["No","LAPAROSCOPES",538],["No","LAPAROSCOPES",539],["No","COLONOSCOPES",203],["No","VIDEO_SYSTEMS",317],["No","TRANSDUCERS",92],["No","TRANSDUCERS",96],["No","MONITORS,_VIDEO",340],["No","PHYSIOLOGIC_MONITOR_MODULES",431],["No","LENSOMETERS",545],["No","MONITORING_SYSTEMS,_PHYSIOLOGIC",366],["No","PHYSIOLOGIC_MONITOR_MODULES",434],["No","MONITORING_SYSTEMS,_PHYSIOLOGIC",369],["No","TRANSDUCERS",104],["No","SCANNING_SYSTEMS",229],["No","PHYSIOLOGIC_MONITOR_MODULES",442],["No","MONITORS,_VIDEO",359],["No","VENTILATORS",192],["No","INCUBATORS",208],["No","PHYSIOLOGIC_MONITOR_MODULES",455],["No","MONITORS,_BEDSIDE",428],["No","LAPAROSCOPES",576],["No","URETEROSCOPES",119],["No","READERS/DIGITIZERS,_IMAGE_PLATE,_RADIOGRAPHY",30],["No","VIDEO_SYSTEMS",356],["No","MONITORS,_TELEMETRIC",299],["No","MONITORING_SYSTEMS,_PHYSIOLOGIC",395],["No","PHYSIOLOGIC_MONITOR_MODULES",463],["No","SCANNING_SYSTEMS",255],["No","SCANNING_SYSTEMS",258],["No","PHYSIOLOGIC_MONITOR_MODULES",456],["No","MONITORS,_BEDSIDE",445],["No","PHYSIOLOGIC_MONITOR_MODULES",475],["No","GASTROSCOPES",330],["No","PHYSIOLOGIC_MONITOR_MODULES",476],["No","READERS/DIGITIZERS,_IMAGE_PLATE,_RADIOGRAPHY",48],["No","AUTOMATION_SYSTEMS,_MEDICATION_DISPENSING",19],["No","LAPAROSCOPES",604],["No","MONITORING_SYSTEMS,_PHYSIOLOGIC",419],["No","PHYSIOLOGIC_MONITOR_MODULES",488],["No","MONITORING_SYSTEMS,_PHYSIOLOGIC",423],["No","MICROSCOPES",325],["No","URETEROSCOPES",155],["No","COLONOSCOPES",278],["No","TRANSDUCERS",164],["No","PHYSIOLOGIC_MONITOR_MODULES",496],["No","PHYSIOLOGIC_MONITOR_MODULES",500],["No","LENSOMETERS",615],["No","PHYSIOLOGIC_MONITOR_MODULES",503],["No","MONITORS,_TELEMETRIC",341],["No","MONITORING_SYSTEMS,_PHYSIOLOGIC",440],["No","SCANNING_SYSTEMS",298],["No","SCANNING_SYSTEMS",303],["No","MONITORS,_BEDSIDE",492],["No","PHYSIOLOGIC_MONITOR_MODULES",521],["No","VENTILATORS",263],["No","MONITORS,_TELEMETRIC",360],["No","VENTILATORS",265],["No","PHYSIOLOGIC_MONITOR_MODULES",525],["No","PHYSIOLOGIC_MONITOR_MODULES",524],["No","TRANSDUCERS",195],["No","MONITORING_SYSTEMS,_PHYSIOLOGIC",461],["No","REFRACTORS,_OPHTHALMIC",435],["No","TRANSDUCERS",204],["No","INJECTORS",336],["No","MONITORING_SYSTEMS,_PHYSIOLOGIC",473],["No","ANALYZERS,_PHYSIOLOGIC",122],["No","LARYNGOSCOPES",334],["No","MONITORS,_BEDSIDE",514],["No","MONITORS,_BEDSIDE",517],["No","MONITORS,_BEDSIDE",518],["No","MONITORING_SYSTEMS,_PHYSIOLOGIC",481],["No","SPIROMETERS,_DIAGNOSTIC",300],["No","SCANNING_SYSTEMS",342],["No","PROBES",5],["No","MICROSCOPES",392],["No","PHYSIOLOGIC_MONITOR_MODULES",560],["No","INCUBATORS",313],["No","SPIROMETERS,_DIAGNOSTIC",309],["No","MONITORS,_BEDSIDE",533],["No","TRANSDUCERS",231],["No","MONITORS,_BEDSIDE",536],["No","PHYSIOLOGIC_MONITOR_MODULES",565],["No","MONITORS,_TELEMETRIC",406],["No","TRANSDUCERS",238],["No","ANALYZERS,_PHYSIOLOGIC",154],["No","PHYSIOLOGIC_MONITOR_MODULES",573],["No","PHYSIOLOGIC_MONITOR_MODULES",577],["No","PHYSIOLOGIC_MONITOR_MODULES",578],["No","MONITORS,_BEDSIDE",551],["No","PHYSIOLOGIC_MONITOR_MODULES",582],["No","MONITORING_SYSTEMS,_PHYSIOLOGIC",516],["No","OPHTHALMOMETERS",85],["No","PHYSIOLOGIC_MONITOR_MODULES",588],["No","MICROSCOPES",424],["No","ANALYZERS,_LABORATORY,_BLOOD",346],["No","TRANSDUCERS",259],["No","MICROSCOPES",426],["No","TRANSDUCERS",262],["No","URETEROSCOPES",256],["No","MONITORS,_BEDSIDE",568],["No","SCANNING_SYSTEMS",389],["No","TRANSDUCERS",268],["No","ANALYZERS,_LABORATORY,_BLOOD",357],["No","PHYSIOLOGIC_MONITOR_MODULES",603],["No","PACEMAKERS",530],["No","PHYSIOLOGIC_MONITOR_MODULES",607],["No","PHYSIOLOGIC_MONITOR_MODULES",608],["No","INCUBATORS",363],["No","SCANNING_SYSTEMS",399],["No","PHYSIOLOGIC_MONITOR_MODULES",616],["No","PHYSIOLOGIC_MONITOR_MODULES",618],["No","ANALYZERS,_LABORATORY,_BLOOD",377],["No","ANALYZERS,_LABORATORY,_HEMATOLOGY",591],["No","LARYNGOSCOPES",418],["No","TRANSDUCERS",295],["No","MONITORING_SYSTEMS,_PHYSIOLOGIC",562],["No","MONITORS,_BEDSIDE",601],["No","SCANNING_SYSTEMS",417],["No","MONITORS,_BEDSIDE",602],["No","MICROSCOPES",470],["No","MONITORS,_TELEMETRIC",480],["No","MICROSCOPES",486],["No","READERS/DIGITIZERS,_IMAGE_PLATE,_RADIOGRAPHY",226],["No","AUDIOMETRIC_BOOTHS",70],["No","INFUSION_PUMPS",6],["No","MICROSCOPES",501],["No","RADIOGRAPHIC_SYSTEMS",37],["No","TRANSDUCERS",335],["No","LARYNGOSCOPES",462],["No","MICROSCOPES",502],["No","COMPUTER_PERIPHERAL_EQUIPMENT",327],["No","MONITORING_SYSTEMS,_PHYSIOLOGIC",606],["No","MONITORING_SYSTEMS,_PHYSIOLOGIC",609],["No","PROBES",128],["No","SIGMOIDOSCOPES",415],["No","CAMERAS",558],["No","SCANNING_SYSTEMS",472],["No","RADIOGRAPHIC_SYSTEMS",54],["No","MONITORS,_VIDEO",597],["No","PROBES",138],["No","HYSTEROSCOPES",439],["No","COLONOSCOPES",471],["No","URETEROSCOPES",351],["No","SCANNING_SYSTEMS",483],["No","WORKSTATIONS",9],["No","MICROSCOPES",541],["No","SIGMOIDOSCOPES",443],["No","VENTILATORS",448],["No","SPIROMETERS,_DIAGNOSTIC",464],["No","ANALYZERS,_PHYSIOLOGIC,_NEUROMUSCULAR_FUNCTION",540],["No","TRANSDUCERS",388],["No","INFUSION_PUMPS",69],["No","INFUSION_PUMPS",71],["No","RADIOGRAPHIC_SYSTEMS",101],["No","MICROSCOPES",566],["No","TRANSDUCERS",398],["No","TRANSDUCERS",401],["No","ANALYZERS,_PHYSIOLOGIC,_NEUROMUSCULAR_FUNCTION",553],["No","CAMERAS,_VIDEO",18],["No","INFUSION_PUMPS",77],["No","PACHYMETERS",391],["No","ANALYZERS,_LABORATORY,_IMMUNOASSAY",65],["No","INFUSION_PUMPS",84],["No","IMAGE_PROCESSORS",358],["No","INFUSION_PUMPS",87],["No","TRANSDUCERS",414],["No","INFUSION_PUMPS",91],["No","INFUSION_PUMPS",93],["No","INFUSION_PUMPS",95],["No","INFUSION_PUMPS",103],["No","VENTILATORS",504],["No","INFORMATION_SYSTEMS,_DATA_MANAGEMENT",554],["No","BEDS",73],["No","TRANSDUCERS",437],["No","INFUSION_PUMPS",113],["No","MONITORS,_TELEMETRIC",611],["No","SCANNING_SYSTEMS",556],["No","AUDIOMETRIC_BOOTHS",183],["No","ANALYZERS,_LABORATORY,_BLOOD",534],["No","INFUSION_PUMPS",121],["No","COMPUTERS",29],["No","CAMERAS,_VIDEO",68],["No","ELECTROCARDIOGRAPHS",50],["No","TRANSDUCERS",460],["No","COLLIMATORS,_RADIOGRAPHIC",160],["No","BEDS",105],["No","INFUSION_PUMPS",143],["No","SCANNING_SYSTEMS",593],["No","CYSTOSCOPES",55],["No","CYSTOSCOPES",56],["No","INFUSION_PUMPS",150],["No","ARTHROSCOPES",264],["No","INFUSION_PUMPS",159],["No","VENTILATORS",559],["No","HYSTEROSCOPES",571],["No","TRANSDUCERS",489],["No","ANALYZERS,_LABORATORY,_MOLECULAR_ASSAY",338],["No","INFUSION_PUMPS",165],["No","BEDS",131],["No","INFUSION_PUMPS",169],["No","BEDS",135],["No","READERS/DIGITIZERS,_IMAGE_PLATE,_RADIOGRAPHY",402],["No","INFUSION_PUMPS",177],["No","RADIOGRAPHIC_SYSTEMS",207],["No","ENDOSCOPES",242],["No","PROBES",290],["No","RADIOGRAPHIC_SYSTEMS",211],["No","TRANSDUCERS",507],["No","VENTILATORS",584],["No","ELECTROCARDIOGRAPHS",108],["No","WORKSTATIONS",149],["No","PACHYMETERS",498],["No","INFUSION_PUMPS",189],["No","CYSTOSCOPES",97],["No","TRANSDUCERS",519],["No","INCUBATORS",596],["No","DETECTORS,_BLOOD_FLOW",161],["No","ANALYZERS,_LABORATORY,_MICROBIOLOGY",241],["No","DETECTORS,_BLOOD_FLOW",166],["No","AUDIOMETERS",20],["No","INFUSION_PUMPS",199],["No","INFUSION_PUMPS",201],["No","PUMPS",99],["No","TRANSDUCERS",532],["No","ELECTROCARDIOGRAPHS",129],["No","BEDS",172],["No","TRANSDUCERS",526],["No","ARTHROSCOPES",315],["No","RADIOGRAPHIC_SYSTEMS",230],["No","INFUSION_PUMPS",212],["No","INFUSION_PUMPS",213],["No","COMPUTERS,_PERSONAL",271],["No","INFUSION_PUMPS",218],["No","VENTILATORS",617],["No","PUMPS",115],["No","DETECTORS,_BLOOD_FLOW",187],["No","INFUSION_PUMPS",224],["No","OSMOMETERS",252],["No","ARTHROSCOPES",337],["No","RADIOGRAPHIC_SYSTEMS",260],["No","RADIOGRAPHIC_SYSTEMS",261],["No","INFUSION_PUMPS",233],["No","BEDS",200],["No","OPHTHALMOMETERS",396],["No","INFUSION_PUMPS",240],["No","TRANSDUCERS",567],["No","ANALYZERS,_LABORATORY,_HEMATOLOGY",324],["No","MONITORING_SYSTEMS,_PHYSIOLOGIC",107],["No","INFUSION_PUMPS",531],["No","PHYSIOLOGIC_MONITOR_MODULES",168],["No","PHYSIOLOGIC_MONITOR_MODULES",167],["No","INFUSION_PUMPS",529],["No","LAPAROSCOPES",285],["No","REFRACTORS,_OPHTHALMIC",75],["No","LAPAROSCOPES",283],["No","ANALYZERS,_PHYSIOLOGIC,_SKIN",555],["No","BEDS",487],["No","BEDS",479],["No","INFUSION_PUMPS",513],["No","RADIOGRAPHIC_SYSTEMS",537],["No","PHYSIOLOGIC_MONITOR_MODULES",144],["No","COMPUTERS,_PERSONAL",561],["No","MONITORS,_VIDEO",51],["No","MONITORING_SYSTEMS,_PHYSIOLOGIC",72],["No","PHYSIOLOGIC_MONITOR_MODULES",134],["No","PHYSIOLOGIC_MONITOR_MODULES",132],["No","INFUSION_PUMPS",494],["No","BILIRUBINOMETERS",430],["No","COMPUTERS",393],["No","MONITORS,_VIDEO",28],["No","PHYSIOLOGIC_MONITOR_MODULES",117],["No","LAPAROSCOPES",237],["No","PHYSIOLOGIC_MONITOR_MODULES",112],["No","MONITORING_SYSTEMS,_PHYSIOLOGIC",45],["No","MONITORS,_BEDSIDE",79],["No","CYSTOSCOPES",375],["No","CAMERAS,_VIDEO",409],["No","WORKSTATIONS",429],["No","MONITORS,_VIDEO",10],["No","PHYSIOLOGIC_MONITOR_MODULES",98],["No","RADIOGRAPHIC_SYSTEMS",490],["No","MONITORS,_BEDSIDE",66],["No","PHYSIOLOGIC_MONITOR_MODULES",89],["No","RADIOGRAPHIC_SYSTEMS",477],["No","ANALYZERS,_LABORATORY,_HEMATOLOGY",46],["No","PHYSIOLOGIC_MONITOR_MODULES",78],["No","ANESTHESIA_UNITS",449],["No","INFUSION_PUMPS",433],["No","INFUSION_PUMPS",432],["No","ENDOSCOPES",491],["No","LAPAROSCOPES",186],["No","PILL_COUNTERS",595],["No","ARTHROSCOPES",535],["No","RADIOGRAPHIC_SYSTEMS",453],["No","PUMPS",316],["No","PHYSIOLOGIC_MONITOR_MODULES",58],["No","WORKSTATIONS",384],["No","AUTOMATION_SYSTEMS",267],["No","INFUSION_PUMPS",413],["No","RADIOGRAPHIC_SYSTEMS",446],["No","MONITORS,_BEDSIDE",23],["No","BEDS",379],["No","PHYSIOLOGIC_MONITOR_MODULES",49],["No","PHYSIOLOGIC_MONITOR_MODULES",47],["No","PROBES",520],["No","ANALYZERS,_PHYSIOLOGIC,_PULMONARY_FUNCTION_MECHANICS,_ADULT",331],["No","INFUSION_PUMPS",404],["No","PHYSIOLOGIC_MONITOR_MODULES",38],["No","INFUSION_PUMPS",248],["No","PHYSIOLOGIC_MONITOR_MODULES",11],["No","RADIOGRAPHIC_SYSTEMS",276],["No","INFUSION_PUMPS",400],["No","COMPUTERS",156],["No","INFUSION_PUMPS",250],["No","ELECTROCARDIOGRAPHS",175],["No","ELECTROCARDIOGRAPHS",176],["No","BEDS",220],["No","INFUSION_PUMPS",253],["No","LAPAROSCOPES",14],["No","ELECTROCARDIOGRAPHS",180],["No","RADIOGRAPHIC_SYSTEMS",289],["No","ANALYZERS,_LABORATORY,_MICROBIOLOGY",297],["No","PROBES",380],["No","TRANSDUCERS",598],["No","INFUSION_PUMPS",272],["No","INFUSION_PUMPS",275],["No","BEDS",243],["No","NASOPHARYNGOSCOPES",60],["No","BEDS",251],["No","AUDIOMETERS",106],["No","INFUSION_PUMPS",291],["No","RADIOGRAPHIC_SYSTEMS",328],["No","CYSTOSCOPES",206],["No","INFUSION_PUMPS",305],["No","NASOPHARYNGOSCOPES",82],["No","INFUSION_PUMPS",308],["No","INFUSION_PUMPS",311],["No","COMPUTERS,_PERSONAL",367],["No","ELECTROMYOGRAPHS",36],["No","INFUSION_PUMPS",318],["No","WORKSTATIONS",362],["No","RADIOGRAPHIC_SYSTEMS",427],["No","PHYSIOLOGIC_MONITOR_MODULES",33],["No","PHYSIOLOGIC_MONITOR_MODULES",32],["No","MONITORS,_BEDSIDE",2],["No","MONITORS,_BEDSIDE",1],["No","INFUSION_PUMPS",390],["No","LAPAROSCOPES",148],["No","PHYSIOLOGIC_MONITOR_MODULES",26],["No","ANALYZERS,_PHYSIOLOGIC,_MIDDLE_EAR",277],["No","AUDIOMETERS",202],["No","RECORDERS",62],["No","RADIOGRAPHIC_SYSTEMS",407],["No","PHYSIOLOGIC_MONITOR_MODULES",15],["No","ELECTROMYOGRAPHS",94],["No","WORKSTATIONS",326],["No","INFUSION_PUMPS",373],["No","ESOPHAGOSCOPES",320],["No","BEDS",312],["No","BEDS",314],["No","INFUSION_PUMPS",350],["No","INFUSION_PUMPS",354],["No","RADIOGRAPHIC_SYSTEMS",386],["No","ANALYZERS,_LABORATORY,_CLINICAL_CHEMISTRY",21],["No","DETECTORS,_BLOOD_FLOW",209],["No","AUDIOMETERS",142],["No","INFUSION_PUMPS",372],["No","ANALYZERS,_PHYSIOLOGIC,_PULMONARY_FUNCTION_MECHANICS,_ADULT",296],["No","CAPNOGRAPHS",27],["No","RADIOGRAPHIC_SYSTEMS",387],["No","BEDS",333]],"headers":["EHR_Compatible","Device_Class","UniqueID"],"rawHeaders":["EHR_COMPATIBLE","DEVICE_CLASS","UNIQUEID"]},"headerInfo":[{"alias":"EHR_Compatible","header":"EHR_Compatible","type":"STRING","derived":false},{"alias":"Device_Class","header":"Device_Class","type":"STRING","derived":false},{"alias":"UniqueID","header":"UniqueID","type":"NUMBER","derived":false}],"sortInfo":[],"numRows":8617,"numCollected":500,"taskOptions":{"5":{"layout":"Grid","alignment":{"label":["EHR_Compatible","Device_Class","UniqueID"]}}},"format":{"type":"TABLE"},"filterInfo":[],"taskId":"task63"},"operationType":["TASK_DATA"]}]}