{"engineId":"952840cf-0fd0-4290-8b26-789f522ab721","engineName":"Devices","rdbmsId":"821fbd86-933c-46a8-a5c0-3f1f2f058c9c","varstore":{},"frames":[{"file":"@BaseFolder@\\db\\@ENGINE@\\version\\821fbd86-933c-46a8-a5c0-3f1f2f058c9c\\FRAME672050.gz","meta":"@BaseFolder@\\db\\@ENGINE@\\version\\821fbd86-933c-46a8-a5c0-3f1f2f058c9c\\METADATA__FRAME672050.owl","state":null,"type":"prerna.ds.rdbms.h2.H2Frame","name":"FRAME672050","keys":["$CUR_FRAME_KEY","FRAME672050"]}],"panels":[{"panelId":"0","panelLabel":"Number of Devices by Device Type","view":"visualization","viewOptions":"{\"type\":\"echarts\"}","viewOptionsMap":{"federate-view":{"app_id":"952840cf-0fd0-4290-8b26-789f522ab721"},"visualization":{"type":"echarts"}},"config":{"type":"STANDARD","opacity":100,"labelOverride":false},"ornaments":{"tools":{"shared":{"colorName":"Four","backgroundColor":"#FFFFFF","color":{"CountofUniqueID":"#184D68"},"rotateAxis":true}}},"events":{"onSingleClick":{"Unfilter":[{"disabledVisuals":["Grid","Sunburst"],"default":true,"query":"UnfilterFrame(<SelectedColumn>);","options":{},"refresh":false,"disabled":false,"panel":""}]},"onBrush":{"Filter":[{"default":true,"query":"if(IsEmpty(<SelectedValues>), UnfilterFrame(<SelectedColumn>), SetFrameFilter(<SelectedColumn>==<SelectedValues>));","options":{},"refresh":false,"disabled":false,"panel":""}]}},"comments":{},"position":{"top":18.373251708501158,"left":11.71875027939678,"width":43.63281115610149,"height":39.38273648927571},"filters":[],"order":[],"cbv":[]},{"panelId":"1","panelLabel":"Cost against Life Expectancy","view":"visualization","viewOptions":"{\"type\":\"echarts\"}","viewOptionsMap":{"federate-view":{"app_id":"952840cf-0fd0-4290-8b26-789f522ab721"},"visualization":{"type":"echarts"}},"config":{"type":"STANDARD","opacity":100.0,"labelOverride":false},"ornaments":{"tools":{"shared":{"rotateAxis":true,"colorName":"Four","backgroundColor":"#FFFFFF","color":{"Device Type":"#184D68"}}}},"events":{"onSingleClick":{"Unfilter":[{"disabledVisuals":["Grid","Sunburst"],"default":true,"query":"UnfilterFrame(<SelectedColumn>);","options":{},"refresh":false,"disabled":false,"panel":""}]},"onBrush":{"Filter":[{"default":true,"query":"if(IsEmpty(<SelectedValues>), UnfilterFrame(<SelectedColumn>), SetFrameFilter(<SelectedColumn>==<SelectedValues>));","options":{},"refresh":false,"disabled":false,"panel":""}]}},"comments":{},"position":{"top":18.228580435205874,"left":55.25390756735581,"width":44.57031117845324,"height":39.639928882908016},"filters":[],"order":[],"cbv":[]},{"panelId":"2","panelLabel":"Potential Cost of Device Replacement by Replacement Date/EOL","view":"visualization","viewOptions":"{\"type\":\"echarts\"}","viewOptionsMap":{"federate-view":{"app_id":"952840cf-0fd0-4290-8b26-789f522ab721"},"visualization":{"type":"echarts"}},"config":{"type":"STANDARD","opacity":100.0,"labelOverride":false},"ornaments":{"tools":{"shared":{"colorName":"Four","backgroundColor":"#FFFFFF","color":{"CountofUniqueID":"#184D68"},"rotateAxis":false}}},"events":{"onSingleClick":{"Unfilter":[{"disabledVisuals":["Grid","Sunburst"],"default":true,"query":"UnfilterFrame(<SelectedColumn>);","options":{},"refresh":false,"disabled":false,"panel":""}]},"onBrush":{"Filter":[{"default":true,"query":"if(IsEmpty(<SelectedValues>), UnfilterFrame(<SelectedColumn>), SetFrameFilter(<SelectedColumn>==<SelectedValues>));","options":{},"refresh":false,"disabled":false,"panel":""}]}},"comments":{},"position":{"top":57.57916677152332,"left":11.71875027939678,"width":88.16406221780926,"height":42.38868307551842},"filters":[],"order":[],"cbv":[]},{"panelId":"4","panelLabel":"Device_Type Filter","view":"DashboardFilter","viewOptions":"{\"autoRun\":true}","viewOptionsMap":{"DashboardFilter":{"autoRun":true}},"config":{"subType":"","type":"MENU","opacity":100,"labelOverride":false},"ornaments":{"dashboardFilter":{"instances":["Device_Type"],"viewType":"List","singleSelect":"Multi Select"}},"events":{},"comments":{},"position":{"top":18.228580435205874,"left":0,"width":11.69921664474527,"height":81.77141956479413},"filters":[],"order":[],"cbv":[]},{"panelId":"5","panelLabel":"Device Summary","view":"text-widget","viewOptions":"{\"html\":\"<div id=\\\"projectFacts\\\" class=\\\"sectionClass\\\">\\n    <div class=\\\"fullWidth eight columns\\\">\\n        <div class=\\\"projectFactsWrap \\\">\\n             <div class=\\\"item wow fadeInUpBig animated animated\\\" data-number=\\\"5\\\" style=\\\"visibility: visible;\\\">\\n                <p id=\\\"number1\\\" class=\\\"number\\\">{{TotalDevices[0][\\\"output\\\"][\\\"data\\\"][\\\"values\\\"][0][0] | number:0}}</p>\\n                <span></span>\\n                <p>Total Number of Devices in Inventory</p>\\n            </div>\\n\\t\\t\\t<div class=\\\"item wow fadeInUpBig animated animated\\\" data-number=\\\"5\\\" style=\\\"visibility: visible;\\\">\\n                <p id=\\\"number2\\\" class=\\\"number\\\">${{TotalCost[0][\\\"output\\\"][\\\"data\\\"][\\\"values\\\"][0][0] | number:0}}</p>\\n                <span></span>\\n                <p>Total Cost of Devices</p>\\n            </div>\\n\\t\\t\\t<div class=\\\"item wow fadeInUpBig animated animated\\\" data-number=\\\"5\\\" style=\\\"visibility: visible;\\\">\\n                <p id=\\\"number3\\\" class=\\\"number\\\">{{EHRCompat[0][\\\"output\\\"][\\\"data\\\"][\\\"values\\\"][0][0] | number:0}}</p>\\n                <span></span>\\n                <p>Count of EHR Compatible Devices</p>\\n            </div>\\n\\t\\t\\t<div class=\\\"item wow fadeInUpBig animated animated\\\" data-number=\\\"5\\\" style=\\\"visibility: visible;\\\">\\n                <p id=\\\"number4\\\" class=\\\"number\\\">{{Manufact[0][\\\"output\\\"][\\\"data\\\"][\\\"values\\\"][0][0] | number:0}}</p>\\n                <span></span>\\n                <p>Number of Unique Device Manufacturers</p>\\n            </div>\\n        </div>\\n    </div>\\n</div>\\n\\n<style>\\n#TextWidget @import url(https://fonts.googleapis.com/css?family=PT+Sans+Narrow);\\nbody{\\n  font-family: Open Sans, \\\"Helvetica Neue\\\", \\\"Helvetica\\\", Helvetica, Arial,   sans-serif;\\n  font-size: 13px;\\n  color: #666;\\n  position: relative;\\n  -webkit-font-smoothing: antialiased;\\n  margin: 0;\\n}\\n\\n#TextWidget *{\\n  -webkit-box-sizing: border-box;\\n  -moz-box-sizing: border-box;\\n  box-sizing: border-box;\\n}\\n\\n#TextWidget body, #TextWidget div, #TextWidget dl, #TextWidget dt, #TextWidget dd, #TextWidget ul, #TextWidget ol, #TextWidget li, #TextWidget h1, #TextWidget h2, #TextWidget h3, #TextWidget h4, #TextWidget h5, #TextWidget h6, #TextWidget pre, #TextWidget form, #TextWidget p, #TextWidget blockquote, #TextWidget th, #TextWidget td{\\n  margin: 0;\\n  padding: 0;\\n  font-size: 13px;\\n  direction: ltr;\\n}\\n\\n#TextWidget .sectionClass{\\n  padding: 0px 0px 0px 0px;\\n  position: relative;\\n  display: block;\\n}\\n\\n#TextWidget .fullWidth{\\n  width: 100%;\\n  display: table;\\n  float: none;\\n  padding: 0;\\n  min-height: 1px;\\n  height: 100% !important;\\n  position: relative;\\n}\\n\\n\\n#TextWidget .sectiontitle{\\n  background-position: center;\\n  margin: 0px 0 0px;\\n  text-align: center;\\n  min-height: 0px;\\n}\\n\\n#TextWidget .sectiontitle h2{\\n  font-size: 30px;\\n  color: #575757;\\n  margin-bottom: 0px;\\n  padding-right: 0px;\\n  padding-left: 0px;\\n}\\n\\n\\n#TextWidget .headerLine{\\n  width: 160px;\\n  height: 0px;\\n  display: inline-block;\\n  background: #575757;\\n}\\n\\n\\n#TextWidget .projectFactsWrap{\\n    display: flex;\\n  margin-top: 0px;\\n  flex-direction: row;\\n  flex-wrap: wrap;\\n}\\n\\n\\n#TextWidget #projectFacts .fullWidth{\\n  padding: 0;\\n}\\n\\n#TextWidget .projectFactsWrap .item{\\n  width: 25%;\\n  height: 100%;\\n  padding: 0px 0px;\\n  text-align: center;\\n}\\n\\n#TextWidget .projectFactsWrap .item:nth-child(1){\\n  background: rgb(226, 226, 226);\\n}\\n\\n#TextWidget .projectFactsWrap .item:nth-child(2){\\n  background: rgb(226, 226, 226);\\n}\\n\\n#TextWidget .projectFactsWrap .item:nth-child(3){\\n  background: rgb(226, 226, 226);\\n}\\n\\n#TextWidget .projectFactsWrap .item:nth-child(4){\\n  background: rgb(226, 226, 226);\\n}\\n\\n#TextWidget .projectFactsWrap .item p.number{\\n  font-size: 30px;\\n  padding: 0;\\n  font-weight: bold;\\n}\\n\\n#TextWidget .projectFactsWrap .item p{\\n  color: rgba(87, 87, 87, 0.8);\\n  font-size: 18px;\\n  margin: 0;\\n  padding: 0 px;\\n  font-family: 'Open Sans';\\n}\\n\\n\\n#TextWidget .projectFactsWrap .item span{\\n  width: 160px;\\n  background: #143F5B;\\n  height: 2px;\\n  display: block;\\n  margin: 0 auto;\\n}\\n\\n\\n#TextWidget .projectFactsWrap .item i{\\n  vertical-align: middle;\\n  font-size: 50px;\\n  color: rgba(87, 87, 87, 0.8);\\n}\\n\\n\\n#TextWidget .projectFactsWrap .item:hover i, #TextWidget .projectFactsWrap .item:hover p{\\n  color: #143F5B;\\n}\\n\\n#TextWidget .projectFactsWrap .item:hover span{\\n  background: #143F5B;\\n}\\n\\n#TextWidget @media (max-width: 786px){\\n  .projectFactsWrap .item {\\n     flex: 0 0 50%;\\n  }\\n#TextWidget }\\n\\n\\n#TextWidget .trans{\\n  opacity: 1;\\n  -webkit-transform: translateX(0px);\\n  transform: translateX(0px);\\n  -webkit-transition: all 500ms ease;\\n  -moz-transition: all 500ms ease;\\n  transition: all 500ms ease;\\n\\n</style>\",\"varList\":[{\"name\":\"TotalDevices\",\"query\":\"Select(UniqueCount(UniqueID)) | Collect (-1);\"},{\"name\":\"TotalCost\",\"query\":\"Select(Sum(Acquisition_Cost)) | Collect (-1);\"},{\"name\":\"EHRCompat\",\"query\":\"Filter (EHR_Compatible == [ \\\"Yes\\\" ]) | Select(UniqueCount(UniqueID))| Collect (-1);\"},{\"name\":\"Manufact\",\"query\":\"Select(UniqueCount(Manufacturer_Name)) | Collect (-1);\"}],\"freeze\":false,\"loading\":true}","viewOptionsMap":{"federate-view":{"app_id":"952840cf-0fd0-4290-8b26-789f522ab721"},"visualization":{"type":"standard"},"text-widget":{"html":"<div id=\"projectFacts\" class=\"sectionClass\">\n    <div class=\"fullWidth eight columns\">\n        <div class=\"projectFactsWrap \">\n             <div class=\"item wow fadeInUpBig animated animated\" data-number=\"5\" style=\"visibility: visible;\">\n                <p id=\"number1\" class=\"number\">{{TotalDevices[0][\"output\"][\"data\"][\"values\"][0][0] | number:0}}</p>\n                <span></span>\n                <p>Total Number of Devices in Inventory</p>\n            </div>\n\t\t\t<div class=\"item wow fadeInUpBig animated animated\" data-number=\"5\" style=\"visibility: visible;\">\n                <p id=\"number2\" class=\"number\">${{TotalCost[0][\"output\"][\"data\"][\"values\"][0][0] | number:0}}</p>\n                <span></span>\n                <p>Total Cost of Devices</p>\n            </div>\n\t\t\t<div class=\"item wow fadeInUpBig animated animated\" data-number=\"5\" style=\"visibility: visible;\">\n                <p id=\"number3\" class=\"number\">{{EHRCompat[0][\"output\"][\"data\"][\"values\"][0][0] | number:0}}</p>\n                <span></span>\n                <p>Count of EHR Compatible Devices</p>\n            </div>\n\t\t\t<div class=\"item wow fadeInUpBig animated animated\" data-number=\"5\" style=\"visibility: visible;\">\n                <p id=\"number4\" class=\"number\">{{Manufact[0][\"output\"][\"data\"][\"values\"][0][0] | number:0}}</p>\n                <span></span>\n                <p>Number of Unique Device Manufacturers</p>\n            </div>\n        </div>\n    </div>\n</div>\n\n<style>\n#TextWidget @import url(https://fonts.googleapis.com/css?family=PT+Sans+Narrow);\nbody{\n  font-family: Open Sans, \"Helvetica Neue\", \"Helvetica\", Helvetica, Arial,   sans-serif;\n  font-size: 13px;\n  color: #666;\n  position: relative;\n  -webkit-font-smoothing: antialiased;\n  margin: 0;\n}\n\n#TextWidget *{\n  -webkit-box-sizing: border-box;\n  -moz-box-sizing: border-box;\n  box-sizing: border-box;\n}\n\n#TextWidget body, #TextWidget div, #TextWidget dl, #TextWidget dt, #TextWidget dd, #TextWidget ul, #TextWidget ol, #TextWidget li, #TextWidget h1, #TextWidget h2, #TextWidget h3, #TextWidget h4, #TextWidget h5, #TextWidget h6, #TextWidget pre, #TextWidget form, #TextWidget p, #TextWidget blockquote, #TextWidget th, #TextWidget td{\n  margin: 0;\n  padding: 0;\n  font-size: 13px;\n  direction: ltr;\n}\n\n#TextWidget .sectionClass{\n  padding: 0px 0px 0px 0px;\n  position: relative;\n  display: block;\n}\n\n#TextWidget .fullWidth{\n  width: 100%;\n  display: table;\n  float: none;\n  padding: 0;\n  min-height: 1px;\n  height: 100% !important;\n  position: relative;\n}\n\n\n#TextWidget .sectiontitle{\n  background-position: center;\n  margin: 0px 0 0px;\n  text-align: center;\n  min-height: 0px;\n}\n\n#TextWidget .sectiontitle h2{\n  font-size: 30px;\n  color: #575757;\n  margin-bottom: 0px;\n  padding-right: 0px;\n  padding-left: 0px;\n}\n\n\n#TextWidget .headerLine{\n  width: 160px;\n  height: 0px;\n  display: inline-block;\n  background: #575757;\n}\n\n\n#TextWidget .projectFactsWrap{\n    display: flex;\n  margin-top: 0px;\n  flex-direction: row;\n  flex-wrap: wrap;\n}\n\n\n#TextWidget #projectFacts .fullWidth{\n  padding: 0;\n}\n\n#TextWidget .projectFactsWrap .item{\n  width: 25%;\n  height: 100%;\n  padding: 0px 0px;\n  text-align: center;\n}\n\n#TextWidget .projectFactsWrap .item:nth-child(1){\n  background: rgb(226, 226, 226);\n}\n\n#TextWidget .projectFactsWrap .item:nth-child(2){\n  background: rgb(226, 226, 226);\n}\n\n#TextWidget .projectFactsWrap .item:nth-child(3){\n  background: rgb(226, 226, 226);\n}\n\n#TextWidget .projectFactsWrap .item:nth-child(4){\n  background: rgb(226, 226, 226);\n}\n\n#TextWidget .projectFactsWrap .item p.number{\n  font-size: 30px;\n  padding: 0;\n  font-weight: bold;\n}\n\n#TextWidget .projectFactsWrap .item p{\n  color: rgba(87, 87, 87, 0.8);\n  font-size: 18px;\n  margin: 0;\n  padding: 0 px;\n  font-family: 'Open Sans';\n}\n\n\n#TextWidget .projectFactsWrap .item span{\n  width: 160px;\n  background: #143F5B;\n  height: 2px;\n  display: block;\n  margin: 0 auto;\n}\n\n\n#TextWidget .projectFactsWrap .item i{\n  vertical-align: middle;\n  font-size: 50px;\n  color: rgba(87, 87, 87, 0.8);\n}\n\n\n#TextWidget .projectFactsWrap .item:hover i, #TextWidget .projectFactsWrap .item:hover p{\n  color: #143F5B;\n}\n\n#TextWidget .projectFactsWrap .item:hover span{\n  background: #143F5B;\n}\n\n#TextWidget @media (max-width: 786px){\n  .projectFactsWrap .item {\n     flex: 0 0 50%;\n  }\n#TextWidget }\n\n\n#TextWidget .trans{\n  opacity: 1;\n  -webkit-transform: translateX(0px);\n  transform: translateX(0px);\n  -webkit-transition: all 500ms ease;\n  -moz-transition: all 500ms ease;\n  transition: all 500ms ease;\n\n</style>","varList":[{"name":"TotalDevices","query":"Select(UniqueCount(UniqueID)) | Collect (-1);"},{"name":"TotalCost","query":"Select(Sum(Acquisition_Cost)) | Collect (-1);"},{"name":"EHRCompat","query":"Filter (EHR_Compatible == [ \"Yes\" ]) | Select(UniqueCount(UniqueID))| Collect (-1);"},{"name":"Manufact","query":"Select(UniqueCount(Manufacturer_Name)) | Collect (-1);"}],"freeze":false,"loading":true}},"config":{"subType":"","type":"STANDARD","opacity":100.0,"labelOverride":false},"ornaments":{"tools":{"shared":{"colorName":"Four","backgroundColor":"#FFFFFF","color":{"CountofUniqueID":"#184D68"},"rotateAxis":true}}},"events":{"onSingleClick":{"Unfilter":[{"disabledVisuals":["Grid","Sunburst"],"default":true,"query":"UnfilterFrame(<SelectedColumn>);","options":{},"refresh":false,"disabled":false,"panel":""}]},"onBrush":{"Filter":[{"default":true,"query":"if(IsEmpty(<SelectedValues>), UnfilterFrame(<SelectedColumn>), SetFrameFilter(<SelectedColumn>==<SelectedValues>));","options":{},"refresh":false,"disabled":false,"panel":""}]}},"comments":{},"position":{"top":0,"left":0,"width":99.78515862906357,"height":18.681318681318682},"filters":[],"order":[],"cbv":[]}],"tasks":{"tasks":[{"type":"basic","task":{"taskType":"basic","id":"task1","numCollected":500,"internalOffset":0,"taskOptions":"{\"options\":{\"0\":{\"layout\":\"Grid\",\"alignment\":{\"label\":[\"Acquisition_Cost\",\"Acquisition_Date\",\"Common_Model\",\"Connector_Compatible\",\"Device_Class\",\"Device_Type\",\"EHR_Compatible\",\"Equipment_Nomenclature\",\"Fiscal_Quarter_EOL\",\"Fiscal_Year_EOL\",\"Life_Expectancy\",\"Location_1\",\"Manufacturer_Name\",\"Nameplate_Model\",\"NEWDEVICES\",\"Past_Life_Expectancy\",\"Replacement_Date\",\"UniqueID\"]}}},\"ornament\":false}","qs":{"qsType":"FRAME","frameName":"FRAME672050","isDistinct":true,"overrideImplicit":false,"limit":500,"offset":0,"relations":"[]","selectors":[{"type":"COLUMN","content":{"table":"FRAME672050","column":"Acquisition_Cost","alias":"Acquisition_Cost","tableAlias":null}},{"type":"COLUMN","content":{"table":"FRAME672050","column":"Acquisition_Date","alias":"Acquisition_Date","tableAlias":null}},{"type":"COLUMN","content":{"table":"FRAME672050","column":"Common_Model","alias":"Common_Model","tableAlias":null}},{"type":"COLUMN","content":{"table":"FRAME672050","column":"Connector_Compatible","alias":"Connector_Compatible","tableAlias":null}},{"type":"COLUMN","content":{"table":"FRAME672050","column":"Device_Class","alias":"Device_Class","tableAlias":null}},{"type":"COLUMN","content":{"table":"FRAME672050","column":"Device_Type","alias":"Device_Type","tableAlias":null}},{"type":"COLUMN","content":{"table":"FRAME672050","column":"EHR_Compatible","alias":"EHR_Compatible","tableAlias":null}},{"type":"COLUMN","content":{"table":"FRAME672050","column":"Equipment_Nomenclature","alias":"Equipment_Nomenclature","tableAlias":null}},{"type":"COLUMN","content":{"table":"FRAME672050","column":"Fiscal_Quarter_EOL","alias":"Fiscal_Quarter_EOL","tableAlias":null}},{"type":"COLUMN","content":{"table":"FRAME672050","column":"Fiscal_Year_EOL","alias":"Fiscal_Year_EOL","tableAlias":null}},{"type":"COLUMN","content":{"table":"FRAME672050","column":"Life_Expectancy","alias":"Life_Expectancy","tableAlias":null}},{"type":"COLUMN","content":{"table":"FRAME672050","column":"Location_1","alias":"Location_1","tableAlias":null}},{"type":"COLUMN","content":{"table":"FRAME672050","column":"Manufacturer_Name","alias":"Manufacturer_Name","tableAlias":null}},{"type":"COLUMN","content":{"table":"FRAME672050","column":"Nameplate_Model","alias":"Nameplate_Model","tableAlias":null}},{"type":"COLUMN","content":{"table":"FRAME672050","column":"NEWDEVICES","alias":"NEWDEVICES","tableAlias":null}},{"type":"COLUMN","content":{"table":"FRAME672050","column":"Past_Life_Expectancy","alias":"Past_Life_Expectancy","tableAlias":null}},{"type":"COLUMN","content":{"table":"FRAME672050","column":"Replacement_Date","alias":"Replacement_Date","tableAlias":null}},{"type":"COLUMN","content":{"table":"FRAME672050","column":"UniqueID","alias":"UniqueID","tableAlias":null}}]}}},{"type":"basic","task":{"taskType":"basic","id":"task3","numCollected":500,"internalOffset":0,"taskOptions":"{\"options\":{\"0\":{\"layout\":\"Column\",\"alignment\":{\"tooltip\":[],\"label\":[\"Device_Type\"],\"value\":[\"AverageofUniqueID\"],\"facet\":[]}}},\"ornament\":false}","qs":{"qsType":"FRAME","frameName":"FRAME672050","isDistinct":true,"overrideImplicit":false,"limit":500,"offset":0,"relations":"[]","groups":["{\"column\":\"PRIM_KEY_PLACEHOLDER\",\"table\":\"Device_Type\",\"alias\":\"\"}"],"selectors":[{"type":"COLUMN","content":{"table":"Device_Type","column":"PRIM_KEY_PLACEHOLDER","alias":"Device_Type","tableAlias":null}},{"type":"FUNCTION","content":{"alias":"AverageofUniqueID","function":"mean","distinct":false,"colCast":"","innerSelectors":[{"type":"COLUMN","content":{"table":"UniqueID","column":"PRIM_KEY_PLACEHOLDER","alias":"UniqueID","tableAlias":null}}]}}]}}},{"type":"basic","task":{"taskType":"basic","id":"task5","numCollected":500,"internalOffset":0,"taskOptions":"{\"options\":{\"0\":{\"layout\":\"Column\",\"alignment\":{\"tooltip\":[],\"label\":[\"Device_Type\"],\"value\":[\"CountofUniqueID\"],\"facet\":[]}}},\"ornament\":false}","qs":{"qsType":"FRAME","frameName":"FRAME672050","isDistinct":true,"overrideImplicit":false,"limit":500,"offset":0,"relations":"[]","groups":["{\"column\":\"PRIM_KEY_PLACEHOLDER\",\"table\":\"Device_Type\",\"alias\":\"\"}"],"selectors":[{"type":"COLUMN","content":{"table":"Device_Type","column":"PRIM_KEY_PLACEHOLDER","alias":"Device_Type","tableAlias":null}},{"type":"FUNCTION","content":{"alias":"CountofUniqueID","function":"count","distinct":false,"colCast":"","innerSelectors":[{"type":"COLUMN","content":{"table":"UniqueID","column":"PRIM_KEY_PLACEHOLDER","alias":"UniqueID","tableAlias":null}}]}}]}}},{"type":"basic","task":{"taskType":"basic","id":"task7","numCollected":500,"internalOffset":0,"taskOptions":"{\"options\":{\"0\":{\"layout\":\"Column\",\"alignment\":{\"label\":[\"Device_Type\"],\"value\":[\"CountofUniqueID\"]}}},\"ornament\":false}","qs":{"qsType":"FRAME","frameName":"FRAME672050","isDistinct":true,"overrideImplicit":false,"limit":500,"offset":0,"relations":"[]","groups":["{\"column\":\"PRIM_KEY_PLACEHOLDER\",\"table\":\"Device_Type\",\"alias\":\"\"}"],"orders":["{\"sortDir\":\"DESC\",\"column\":\"PRIM_KEY_PLACEHOLDER\",\"table\":\"CountofUniqueID\",\"alias\":\"\"}"],"selectors":[{"type":"COLUMN","content":{"table":"Device_Type","column":"PRIM_KEY_PLACEHOLDER","alias":"Device_Type","tableAlias":null}},{"type":"FUNCTION","content":{"alias":"CountofUniqueID","function":"count","distinct":false,"colCast":"","innerSelectors":[{"type":"COLUMN","content":{"table":"UniqueID","column":"PRIM_KEY_PLACEHOLDER","alias":"UniqueID","tableAlias":null}}]}}]}}},{"type":"basic","task":{"taskType":"basic","id":"task9","numCollected":500,"internalOffset":0,"taskOptions":"{\"options\":{\"1\":{\"layout\":\"Scatter\",\"alignment\":{\"series\":[],\"x\":[\"AverageofLife_Expectancy\"],\"y\":[\"AverageofAcquisition_Cost\"],\"z\":[],\"label\":[\"Device_Type\"],\"facet\":[]}}},\"ornament\":false}","qs":{"qsType":"FRAME","frameName":"FRAME672050","isDistinct":true,"overrideImplicit":false,"limit":500,"offset":0,"relations":"[]","groups":["{\"column\":\"PRIM_KEY_PLACEHOLDER\",\"table\":\"Device_Type\",\"alias\":\"\"}"],"selectors":[{"type":"COLUMN","content":{"table":"Device_Type","column":"PRIM_KEY_PLACEHOLDER","alias":"Device_Type","tableAlias":null}},{"type":"FUNCTION","content":{"alias":"AverageofLife_Expectancy","function":"mean","distinct":false,"colCast":"","innerSelectors":[{"type":"COLUMN","content":{"table":"Life_Expectancy","column":"PRIM_KEY_PLACEHOLDER","alias":"Life_Expectancy","tableAlias":null}}]}},{"type":"FUNCTION","content":{"alias":"AverageofAcquisition_Cost","function":"mean","distinct":false,"colCast":"","innerSelectors":[{"type":"COLUMN","content":{"table":"Acquisition_Cost","column":"PRIM_KEY_PLACEHOLDER","alias":"Acquisition_Cost","tableAlias":null}}]}}]}}},{"type":"basic","task":{"taskType":"basic","id":"task11","numCollected":500,"internalOffset":0,"taskOptions":"{\"options\":{\"1\":{\"layout\":\"Scatter\",\"alignment\":{\"series\":[],\"x\":[\"AverageofAcquisition_Cost\"],\"y\":[\"AverageofLife_Expectancy\"],\"z\":[],\"label\":[\"Device_Type\"],\"facet\":[]}}},\"ornament\":false}","qs":{"qsType":"FRAME","frameName":"FRAME672050","isDistinct":true,"overrideImplicit":false,"limit":500,"offset":0,"relations":"[]","groups":["{\"column\":\"PRIM_KEY_PLACEHOLDER\",\"table\":\"Device_Type\",\"alias\":\"\"}"],"selectors":[{"type":"COLUMN","content":{"table":"Device_Type","column":"PRIM_KEY_PLACEHOLDER","alias":"Device_Type","tableAlias":null}},{"type":"FUNCTION","content":{"alias":"AverageofAcquisition_Cost","function":"mean","distinct":false,"colCast":"","innerSelectors":[{"type":"COLUMN","content":{"table":"Acquisition_Cost","column":"PRIM_KEY_PLACEHOLDER","alias":"Acquisition_Cost","tableAlias":null}}]}},{"type":"FUNCTION","content":{"alias":"AverageofLife_Expectancy","function":"mean","distinct":false,"colCast":"","innerSelectors":[{"type":"COLUMN","content":{"table":"Life_Expectancy","column":"PRIM_KEY_PLACEHOLDER","alias":"Life_Expectancy","tableAlias":null}}]}}]}}},{"type":"basic","task":{"taskType":"basic","id":"task13","numCollected":500,"internalOffset":0,"taskOptions":"{\"options\":{\"1\":{\"layout\":\"Scatter\",\"alignment\":{\"series\":[],\"x\":[\"AverageofAcquisition_Cost\"],\"y\":[\"AverageofLife_Expectancy\"],\"z\":[\"AverageofUniqueID\"],\"label\":[\"Device_Type\"],\"facet\":[]}}},\"ornament\":false}","qs":{"qsType":"FRAME","frameName":"FRAME672050","isDistinct":true,"overrideImplicit":false,"limit":500,"offset":0,"relations":"[]","groups":["{\"column\":\"PRIM_KEY_PLACEHOLDER\",\"table\":\"Device_Type\",\"alias\":\"\"}"],"selectors":[{"type":"COLUMN","content":{"table":"Device_Type","column":"PRIM_KEY_PLACEHOLDER","alias":"Device_Type","tableAlias":null}},{"type":"FUNCTION","content":{"alias":"AverageofAcquisition_Cost","function":"mean","distinct":false,"colCast":"","innerSelectors":[{"type":"COLUMN","content":{"table":"Acquisition_Cost","column":"PRIM_KEY_PLACEHOLDER","alias":"Acquisition_Cost","tableAlias":null}}]}},{"type":"FUNCTION","content":{"alias":"AverageofLife_Expectancy","function":"mean","distinct":false,"colCast":"","innerSelectors":[{"type":"COLUMN","content":{"table":"Life_Expectancy","column":"PRIM_KEY_PLACEHOLDER","alias":"Life_Expectancy","tableAlias":null}}]}},{"type":"FUNCTION","content":{"alias":"AverageofUniqueID","function":"mean","distinct":false,"colCast":"","innerSelectors":[{"type":"COLUMN","content":{"table":"UniqueID","column":"PRIM_KEY_PLACEHOLDER","alias":"UniqueID","tableAlias":null}}]}}]}}},{"type":"basic","task":{"taskType":"basic","id":"task15","numCollected":500,"internalOffset":0,"taskOptions":"{\"options\":{\"1\":{\"layout\":\"Scatter\",\"alignment\":{\"series\":[],\"x\":[\"AverageofAcquisition_Cost\"],\"y\":[\"AverageofLife_Expectancy\"],\"z\":[\"CountofUniqueID\"],\"label\":[\"Device_Type\"],\"facet\":[]}}},\"ornament\":false}","qs":{"qsType":"FRAME","frameName":"FRAME672050","isDistinct":true,"overrideImplicit":false,"limit":500,"offset":0,"relations":"[]","groups":["{\"column\":\"PRIM_KEY_PLACEHOLDER\",\"table\":\"Device_Type\",\"alias\":\"\"}"],"selectors":[{"type":"COLUMN","content":{"table":"Device_Type","column":"PRIM_KEY_PLACEHOLDER","alias":"Device_Type","tableAlias":null}},{"type":"FUNCTION","content":{"alias":"AverageofAcquisition_Cost","function":"mean","distinct":false,"colCast":"","innerSelectors":[{"type":"COLUMN","content":{"table":"Acquisition_Cost","column":"PRIM_KEY_PLACEHOLDER","alias":"Acquisition_Cost","tableAlias":null}}]}},{"type":"FUNCTION","content":{"alias":"AverageofLife_Expectancy","function":"mean","distinct":false,"colCast":"","innerSelectors":[{"type":"COLUMN","content":{"table":"Life_Expectancy","column":"PRIM_KEY_PLACEHOLDER","alias":"Life_Expectancy","tableAlias":null}}]}},{"type":"FUNCTION","content":{"alias":"CountofUniqueID","function":"count","distinct":false,"colCast":"","innerSelectors":[{"type":"COLUMN","content":{"table":"UniqueID","column":"PRIM_KEY_PLACEHOLDER","alias":"UniqueID","tableAlias":null}}]}}]}}},{"type":"basic","task":{"taskType":"basic","id":"task17","numCollected":-1,"internalOffset":0,"taskOptions":"{\"options\":{\"1\":{\"layout\":\"Scatter\",\"alignment\":{\"x\":[\"AverageofAcquisition_Cost\"],\"y\":[\"AverageofLife_Expectancy\"],\"z\":[\"CountofUniqueID\"],\"label\":[\"Device_Type\"]}}},\"ornament\":false}","qs":{"qsType":"FRAME","frameName":"FRAME672050","isDistinct":true,"overrideImplicit":false,"limit":-1,"offset":0,"relations":"[]","groups":["{\"column\":\"PRIM_KEY_PLACEHOLDER\",\"table\":\"Device_Type\",\"alias\":\"\"}"],"selectors":[{"type":"COLUMN","content":{"table":"Device_Type","column":"PRIM_KEY_PLACEHOLDER","alias":"Device_Type","tableAlias":null}},{"type":"FUNCTION","content":{"alias":"AverageofAcquisition_Cost","function":"mean","distinct":false,"colCast":"","innerSelectors":[{"type":"COLUMN","content":{"table":"Acquisition_Cost","column":"PRIM_KEY_PLACEHOLDER","alias":"Acquisition_Cost","tableAlias":null}}]}},{"type":"FUNCTION","content":{"alias":"AverageofLife_Expectancy","function":"mean","distinct":false,"colCast":"","innerSelectors":[{"type":"COLUMN","content":{"table":"Life_Expectancy","column":"PRIM_KEY_PLACEHOLDER","alias":"Life_Expectancy","tableAlias":null}}]}},{"type":"FUNCTION","content":{"alias":"CountofUniqueID","function":"count","distinct":false,"colCast":"","innerSelectors":[{"type":"COLUMN","content":{"table":"UniqueID","column":"PRIM_KEY_PLACEHOLDER","alias":"UniqueID","tableAlias":null}}]}}]}}},{"type":"basic","task":{"taskType":"basic","id":"task19","numCollected":-1,"internalOffset":0,"taskOptions":"{\"options\":{\"0\":{\"layout\":\"Column\",\"alignment\":{\"label\":[\"Device_Type\"],\"value\":[\"CountofUniqueID\"]}}},\"ornament\":false}","qs":{"qsType":"FRAME","frameName":"FRAME672050","isDistinct":true,"overrideImplicit":false,"limit":-1,"offset":0,"relations":"[]","groups":["{\"column\":\"PRIM_KEY_PLACEHOLDER\",\"table\":\"Device_Type\",\"alias\":\"\"}"],"orders":["{\"sortDir\":\"DESC\",\"column\":\"PRIM_KEY_PLACEHOLDER\",\"table\":\"CountofUniqueID\",\"alias\":\"\"}"],"selectors":[{"type":"COLUMN","content":{"table":"Device_Type","column":"PRIM_KEY_PLACEHOLDER","alias":"Device_Type","tableAlias":null}},{"type":"FUNCTION","content":{"alias":"CountofUniqueID","function":"count","distinct":false,"colCast":"","innerSelectors":[{"type":"COLUMN","content":{"table":"UniqueID","column":"PRIM_KEY_PLACEHOLDER","alias":"UniqueID","tableAlias":null}}]}}]}}},{"type":"basic","task":{"taskType":"basic","id":"task21","numCollected":500,"internalOffset":0,"taskOptions":"{\"options\":{\"2\":{\"layout\":\"Line\",\"alignment\":{\"tooltip\":[],\"label\":[\"Replacement_Date\"],\"value\":[\"AverageofAcquisition_Cost\"],\"facet\":[]}}},\"ornament\":false}","qs":{"qsType":"FRAME","frameName":"FRAME672050","isDistinct":true,"overrideImplicit":false,"limit":500,"offset":0,"relations":"[]","groups":["{\"column\":\"PRIM_KEY_PLACEHOLDER\",\"table\":\"Replacement_Date\",\"alias\":\"\"}"],"selectors":[{"type":"COLUMN","content":{"table":"Replacement_Date","column":"PRIM_KEY_PLACEHOLDER","alias":"Replacement_Date","tableAlias":null}},{"type":"FUNCTION","content":{"alias":"AverageofAcquisition_Cost","function":"mean","distinct":false,"colCast":"","innerSelectors":[{"type":"COLUMN","content":{"table":"Acquisition_Cost","column":"PRIM_KEY_PLACEHOLDER","alias":"Acquisition_Cost","tableAlias":null}}]}}]}}},{"type":"basic","task":{"taskType":"basic","id":"task23","numCollected":500,"internalOffset":0,"taskOptions":"{\"options\":{\"2\":{\"layout\":\"Line\",\"alignment\":{\"tooltip\":[],\"label\":[\"Replacement_Date\"],\"value\":[\"SumofAcquisition_Cost\"],\"facet\":[]}}},\"ornament\":false}","qs":{"qsType":"FRAME","frameName":"FRAME672050","isDistinct":true,"overrideImplicit":false,"limit":500,"offset":0,"relations":"[]","groups":["{\"column\":\"PRIM_KEY_PLACEHOLDER\",\"table\":\"Replacement_Date\",\"alias\":\"\"}"],"selectors":[{"type":"COLUMN","content":{"table":"Replacement_Date","column":"PRIM_KEY_PLACEHOLDER","alias":"Replacement_Date","tableAlias":null}},{"type":"FUNCTION","content":{"alias":"SumofAcquisition_Cost","function":"sum","distinct":false,"colCast":"","innerSelectors":[{"type":"COLUMN","content":{"table":"Acquisition_Cost","column":"PRIM_KEY_PLACEHOLDER","alias":"Acquisition_Cost","tableAlias":null}}]}}]}}},{"type":"basic","task":{"taskType":"basic","id":"task25","numCollected":-1,"internalOffset":0,"taskOptions":"{\"options\":{\"2\":{\"layout\":\"Line\",\"alignment\":{\"label\":[\"Replacement_Date\"],\"value\":[\"SumofAcquisition_Cost\"]}}},\"ornament\":false}","qs":{"qsType":"FRAME","frameName":"FRAME672050","isDistinct":true,"overrideImplicit":false,"limit":-1,"offset":0,"relations":"[]","groups":["{\"column\":\"PRIM_KEY_PLACEHOLDER\",\"table\":\"Replacement_Date\",\"alias\":\"\"}"],"selectors":[{"type":"COLUMN","content":{"table":"Replacement_Date","column":"PRIM_KEY_PLACEHOLDER","alias":"Replacement_Date","tableAlias":null}},{"type":"FUNCTION","content":{"alias":"SumofAcquisition_Cost","function":"sum","distinct":false,"colCast":"","innerSelectors":[{"type":"COLUMN","content":{"table":"Acquisition_Cost","column":"PRIM_KEY_PLACEHOLDER","alias":"Acquisition_Cost","tableAlias":null}}]}}]}}},{"type":"basic","task":{"taskType":"basic","id":"task27","numCollected":500,"internalOffset":0,"taskOptions":"{\"options\":{\"5\":{\"layout\":\"Grid\",\"alignment\":{\"label\":[\"EHR_Compatible\"]}}},\"ornament\":false}","qs":{"qsType":"FRAME","frameName":"FRAME672050","isDistinct":true,"overrideImplicit":false,"limit":500,"offset":0,"relations":"[]","selectors":[{"type":"COLUMN","content":{"table":"EHR_Compatible","column":"PRIM_KEY_PLACEHOLDER","alias":"EHR_Compatible","tableAlias":null}}]}}},{"type":"basic","task":{"taskType":"basic","id":"task29","numCollected":500,"internalOffset":0,"taskOptions":"{\"options\":{\"5\":{\"layout\":\"Grid\",\"alignment\":{\"label\":[\"EHR_Compatible\",\"Device_Class\"]}}},\"ornament\":false}","qs":{"qsType":"FRAME","frameName":"FRAME672050","isDistinct":true,"overrideImplicit":false,"limit":500,"offset":0,"relations":"[]","selectors":[{"type":"COLUMN","content":{"table":"EHR_Compatible","column":"PRIM_KEY_PLACEHOLDER","alias":"EHR_Compatible","tableAlias":null}},{"type":"COLUMN","content":{"table":"Device_Class","column":"PRIM_KEY_PLACEHOLDER","alias":"Device_Class","tableAlias":null}}]}}},{"type":"basic","task":{"taskType":"basic","id":"task31","numCollected":500,"internalOffset":0,"taskOptions":"{\"options\":{\"5\":{\"layout\":\"Grid\",\"alignment\":{\"label\":[\"EHR_Compatible\",\"Device_Class\",\"UniqueID\"]}}},\"ornament\":false}","qs":{"qsType":"FRAME","frameName":"FRAME672050","isDistinct":true,"overrideImplicit":false,"limit":500,"offset":0,"relations":"[]","selectors":[{"type":"COLUMN","content":{"table":"EHR_Compatible","column":"PRIM_KEY_PLACEHOLDER","alias":"EHR_Compatible","tableAlias":null}},{"type":"COLUMN","content":{"table":"Device_Class","column":"PRIM_KEY_PLACEHOLDER","alias":"Device_Class","tableAlias":null}},{"type":"COLUMN","content":{"table":"UniqueID","column":"PRIM_KEY_PLACEHOLDER","alias":"UniqueID","tableAlias":null}}]}}}],"taskCounter":32},"recipe":["AddPanel ( 0 ) ;","Panel ( 0 ) | AddPanelConfig ( config = [ { \"config\" : { \"type\" : \"STANDARD\" , \"opacity\" : 100 } } ] ) ;","Panel ( 0 ) | AddPanelEvents ( { \"onSingleClick\" : { \"Unfilter\" : [ { \"panel\" : \"\" , \"query\" : \"<encode>(<Frame> | UnfilterFrame(<SelectedColumn>));</encode>\" , \"options\" : { } , \"refresh\" : false , \"default\" : true , \"disabledVisuals\" : [ \"Grid\" , \"Sunburst\" ] , \"disabled\" : false } ] } , \"onBrush\" : { \"Filter\" : [ { \"panel\" : \"\" , \"query\" : \"<encode>if((IsEmpty(<SelectedValues>)),(<Frame> | UnfilterFrame(<SelectedColumn>)), (<Frame> | SetFrameFilter(<SelectedColumn>==<SelectedValues>)));</encode>\" , \"options\" : { } , \"refresh\" : false , \"default\" : true , \"disabled\" : false } ] } } ) ;","Panel ( 0 ) | RetrievePanelEvents ( ) ;","Panel ( 0 ) | SetPanelView ( \"visualization\" , \"<encode>{\"type\":\"echarts\"}</encode>\" ) ;","Panel ( 0 ) | SetPanelView ( \"federate-view\" , \"<encode>{\"app_id\":\"NEWSEMOSSAPP\"}</encode>\" ) ;","AddPanel ( 0 ) ;","Panel ( 0 ) | AddPanelConfig ( config = [ { \"config\" : { \"type\" : \"STANDARD\" , \"opacity\" : 100 } } ] ) ;","Panel ( 0 ) | AddPanelEvents ( { \"onSingleClick\" : { \"Unfilter\" : [ { \"panel\" : \"\" , \"query\" : \"<encode>UnfilterFrame(<SelectedColumn>);</encode>\" , \"options\" : { } , \"refresh\" : false , \"default\" : true , \"disabledVisuals\" : [ \"Grid\" , \"Sunburst\" ] , \"disabled\" : false } ] } , \"onBrush\" : { \"Filter\" : [ { \"panel\" : \"\" , \"query\" : \"<encode>if(IsEmpty(<SelectedValues>), UnfilterFrame(<SelectedColumn>), SetFrameFilter(<SelectedColumn>==<SelectedValues>));</encode>\" , \"options\" : { } , \"refresh\" : false , \"default\" : true , \"disabled\" : false } ] } } ) ;","Panel ( 0 ) | RetrievePanelEvents ( ) ;","Panel ( 0 ) | SetPanelView ( \"visualization\" , \"<encode>{\"type\":\"echarts\"}</encode>\" ) ;","Panel ( 0 ) | SetPanelView ( \"federate-view\" , \"<encode>{\"app_id\":\"952840cf-0fd0-4290-8b26-789f522ab721\"}</encode>\" ) ;","CreateFrame ( frameType = [ GRID ] ) .as ( [ 'FRAME672050' ] ) ;","Database ( database = [ \"952840cf-0fd0-4290-8b26-789f522ab721\" ] ) | Select ( NEWDEVICES , NEWDEVICES__Acquisition_Cost , NEWDEVICES__Acquisition_Date , NEWDEVICES__Common_Model , NEWDEVICES__Connector_Compatible , NEWDEVICES__Device_Class , NEWDEVICES__Device_Type , NEWDEVICES__EHR_Compatible , NEWDEVICES__Equipment_Nomenclature , NEWDEVICES__Fiscal_Quarter_EOL , NEWDEVICES__Fiscal_Year_EOL , NEWDEVICES__Life_Expectancy , NEWDEVICES__Location_1 , NEWDEVICES__Manufacturer_Name , NEWDEVICES__Nameplate_Model , NEWDEVICES__Past_Life_Expectancy , NEWDEVICES__Replacement_Date , NEWDEVICES__UniqueID ) .as ( [ NEWDEVICES , Acquisition_Cost , Acquisition_Date , Common_Model , Connector_Compatible , Device_Class , Device_Type , EHR_Compatible , Equipment_Nomenclature , Fiscal_Quarter_EOL , Fiscal_Year_EOL , Life_Expectancy , Location_1 , Manufacturer_Name , Nameplate_Model , Past_Life_Expectancy , Replacement_Date , UniqueID ] ) | Import ( ) ;","Panel ( 0 ) | SetPanelView ( \"visualization\" ) ;","Frame ( ) | QueryAll ( ) | AutoTaskOptions ( panel = [ \"0\" ] , layout = [ \"Grid\" ] ) | Collect ( 500 ) ;","if ( ( HasDuplicates ( Device_Type ) ) , ( Frame ( ) | Select ( Device_Type , Average ( UniqueID ) ) .as ( [ Device_Type , AverageofUniqueID ] ) | Group ( Device_Type ) | With ( Panel ( 0 ) ) | Format ( type = [ 'table' ] ) | TaskOptions ( { \"0\" : { \"layout\" : \"Column\" , \"alignment\" : { \"label\" : [ \"Device_Type\" ] , \"value\" : [ \"AverageofUniqueID\" ] , \"tooltip\" : [ ] , \"facet\" : [ ] } } } ) | Collect ( 500 ) ) , ( Frame ( ) | Select ( Device_Type , UniqueID ) .as ( [ Device_Type , UniqueID ] ) | With ( Panel ( 0 ) ) | Format ( type = [ 'table' ] ) | TaskOptions ( { \"0\" : { \"layout\" : \"Column\" , \"alignment\" : { \"label\" : [ \"Device_Type\" ] , \"value\" : [ \"UniqueID\" ] , \"tooltip\" : [ ] , \"facet\" : [ ] } } } ) | Collect ( 500 ) ) ) ;","if ( ( HasDuplicates ( Device_Type ) ) , ( Frame ( ) | Select ( Device_Type , Count ( UniqueID ) ) .as ( [ Device_Type , CountofUniqueID ] ) | Group ( Device_Type ) | With ( Panel ( 0 ) ) | Format ( type = [ 'table' ] ) | TaskOptions ( { \"0\" : { \"layout\" : \"Column\" , \"alignment\" : { \"label\" : [ \"Device_Type\" ] , \"value\" : [ \"CountofUniqueID\" ] , \"tooltip\" : [ ] , \"facet\" : [ ] } } } ) | Collect ( 500 ) ) , ( Frame ( ) | Select ( Device_Type , UniqueID ) .as ( [ Device_Type , UniqueID ] ) | With ( Panel ( 0 ) ) | Format ( type = [ 'table' ] ) | TaskOptions ( { \"0\" : { \"layout\" : \"Column\" , \"alignment\" : { \"label\" : [ \"Device_Type\" ] , \"value\" : [ \"UniqueID\" ] , \"tooltip\" : [ ] , \"facet\" : [ ] } } } ) | Collect ( 500 ) ) ) ;","Panel ( 0 ) | UnsortPanel ( ) ;","Frame ( ) | Select ( Device_Type , Count ( UniqueID ) ) .as ( [ Device_Type , CountofUniqueID ] ) | Group ( Device_Type ) | Sort ( columns = [ \"CountofUniqueID\" ] , sort = [ \"desc\" ] ) | With ( Panel ( 0 ) ) | Format ( type = [ 'table' ] ) | TaskOptions ( { \"0\" : { \"layout\" : \"Column\" , \"alignment\" : { \"label\" : [ \"Device_Type\" ] , \"value\" : [ \"CountofUniqueID\" ] } } } ) | Collect ( 500 ) ;","Panel ( 0 ) | AddPanelOrnaments ( { \"tools\" : { \"shared\" : { \"rotateAxis\" : true } } } ) ;","Panel ( 0 ) | RetrievePanelOrnaments ( \"tools.shared.rotateAxis\" ) ;","Panel ( 0 ) | Clone ( 1 ) ;","if ( ( HasDuplicates ( Device_Type ) ) , ( Frame ( ) | Select ( Device_Type , Average ( Life_Expectancy ) , Average ( Acquisition_Cost ) ) .as ( [ Device_Type , AverageofLife_Expectancy , AverageofAcquisition_Cost ] ) | Group ( Device_Type ) | With ( Panel ( 1 ) ) | Format ( type = [ 'table' ] ) | TaskOptions ( { \"1\" : { \"layout\" : \"Scatter\" , \"alignment\" : { \"label\" : [ \"Device_Type\" ] , \"x\" : [ \"AverageofLife_Expectancy\" ] , \"y\" : [ \"AverageofAcquisition_Cost\" ] , \"z\" : [ ] , \"series\" : [ ] , \"facet\" : [ ] } } } ) | Collect ( 500 ) ) , ( Frame ( ) | Select ( Device_Type , Life_Expectancy , Acquisition_Cost ) .as ( [ Device_Type , Life_Expectancy , Acquisition_Cost ] ) | With ( Panel ( 1 ) ) | Format ( type = [ 'table' ] ) | TaskOptions ( { \"1\" : { \"layout\" : \"Scatter\" , \"alignment\" : { \"label\" : [ \"Device_Type\" ] , \"x\" : [ \"Life_Expectancy\" ] , \"y\" : [ \"Acquisition_Cost\" ] , \"z\" : [ ] , \"series\" : [ ] , \"facet\" : [ ] } } } ) | Collect ( 500 ) ) ) ;","if ( ( HasDuplicates ( Device_Type ) ) , ( Frame ( ) | Select ( Device_Type , Average ( Acquisition_Cost ) , Average ( Life_Expectancy ) ) .as ( [ Device_Type , AverageofAcquisition_Cost , AverageofLife_Expectancy ] ) | Group ( Device_Type ) | With ( Panel ( 1 ) ) | Format ( type = [ 'table' ] ) | TaskOptions ( { \"1\" : { \"layout\" : \"Scatter\" , \"alignment\" : { \"label\" : [ \"Device_Type\" ] , \"x\" : [ \"AverageofAcquisition_Cost\" ] , \"y\" : [ \"AverageofLife_Expectancy\" ] , \"z\" : [ ] , \"series\" : [ ] , \"facet\" : [ ] } } } ) | Collect ( 500 ) ) , ( Frame ( ) | Select ( Device_Type , Acquisition_Cost , Life_Expectancy ) .as ( [ Device_Type , Acquisition_Cost , Life_Expectancy ] ) | With ( Panel ( 1 ) ) | Format ( type = [ 'table' ] ) | TaskOptions ( { \"1\" : { \"layout\" : \"Scatter\" , \"alignment\" : { \"label\" : [ \"Device_Type\" ] , \"x\" : [ \"Acquisition_Cost\" ] , \"y\" : [ \"Life_Expectancy\" ] , \"z\" : [ ] , \"series\" : [ ] , \"facet\" : [ ] } } } ) | Collect ( 500 ) ) ) ;","if ( ( HasDuplicates ( Device_Type ) ) , ( Frame ( ) | Select ( Device_Type , Average ( Acquisition_Cost ) , Average ( Life_Expectancy ) , Average ( UniqueID ) ) .as ( [ Device_Type , AverageofAcquisition_Cost , AverageofLife_Expectancy , AverageofUniqueID ] ) | Group ( Device_Type ) | With ( Panel ( 1 ) ) | Format ( type = [ 'table' ] ) | TaskOptions ( { \"1\" : { \"layout\" : \"Scatter\" , \"alignment\" : { \"label\" : [ \"Device_Type\" ] , \"x\" : [ \"AverageofAcquisition_Cost\" ] , \"y\" : [ \"AverageofLife_Expectancy\" ] , \"z\" : [ \"AverageofUniqueID\" ] , \"series\" : [ ] , \"facet\" : [ ] } } } ) | Collect ( 500 ) ) , ( Frame ( ) | Select ( Device_Type , Acquisition_Cost , Life_Expectancy , UniqueID ) .as ( [ Device_Type , Acquisition_Cost , Life_Expectancy , UniqueID ] ) | With ( Panel ( 1 ) ) | Format ( type = [ 'table' ] ) | TaskOptions ( { \"1\" : { \"layout\" : \"Scatter\" , \"alignment\" : { \"label\" : [ \"Device_Type\" ] , \"x\" : [ \"Acquisition_Cost\" ] , \"y\" : [ \"Life_Expectancy\" ] , \"z\" : [ \"UniqueID\" ] , \"series\" : [ ] , \"facet\" : [ ] } } } ) | Collect ( 500 ) ) ) ;","if ( ( HasDuplicates ( Device_Type ) ) , ( Frame ( ) | Select ( Device_Type , Average ( Acquisition_Cost ) , Average ( Life_Expectancy ) , Count ( UniqueID ) ) .as ( [ Device_Type , AverageofAcquisition_Cost , AverageofLife_Expectancy , CountofUniqueID ] ) | Group ( Device_Type ) | With ( Panel ( 1 ) ) | Format ( type = [ 'table' ] ) | TaskOptions ( { \"1\" : { \"layout\" : \"Scatter\" , \"alignment\" : { \"label\" : [ \"Device_Type\" ] , \"x\" : [ \"AverageofAcquisition_Cost\" ] , \"y\" : [ \"AverageofLife_Expectancy\" ] , \"z\" : [ \"CountofUniqueID\" ] , \"series\" : [ ] , \"facet\" : [ ] } } } ) | Collect ( 500 ) ) , ( Frame ( ) | Select ( Device_Type , Acquisition_Cost , Life_Expectancy , UniqueID ) .as ( [ Device_Type , Acquisition_Cost , Life_Expectancy , UniqueID ] ) | With ( Panel ( 1 ) ) | Format ( type = [ 'table' ] ) | TaskOptions ( { \"1\" : { \"layout\" : \"Scatter\" , \"alignment\" : { \"label\" : [ \"Device_Type\" ] , \"x\" : [ \"Acquisition_Cost\" ] , \"y\" : [ \"Life_Expectancy\" ] , \"z\" : [ \"UniqueID\" ] , \"series\" : [ ] , \"facet\" : [ ] } } } ) | Collect ( 500 ) ) ) ;","if ( IsEmpty ( [ \"Anesthesia\" ] ) , UnfilterFrame ( Device_Type ) , SetFrameFilter ( Device_Type == [ \"Anesthesia\" ] ) ) ;","UnfilterFrame ( Device_Type ) ;","if ( IsEmpty ( [ \"Radiology\" ] ) , UnfilterFrame ( Device_Type ) , SetFrameFilter ( Device_Type == [ \"Radiology\" ] ) ) ;","UnfilterFrame ( Device_Type ) ;","ifError ( ( Frame ( ) | Select ( Device_Type , Average ( Acquisition_Cost ) , Average ( Life_Expectancy ) , Count ( UniqueID ) ) .as ( [ Device_Type , AverageofAcquisition_Cost , AverageofLife_Expectancy , CountofUniqueID ] ) | Group ( Device_Type ) | With ( Panel ( 1 ) ) | Format ( type = [ 'table' ] ) | TaskOptions ( { \"1\" : { \"layout\" : \"Scatter\" , \"alignment\" : { \"label\" : [ \"Device_Type\" ] , \"x\" : [ \"AverageofAcquisition_Cost\" ] , \"y\" : [ \"AverageofLife_Expectancy\" ] , \"z\" : [ \"CountofUniqueID\" ] } } } ) | Collect ( - 1 ) ) , ( true ) ) ;","ifError ( ( Frame ( ) | Select ( Device_Type , Count ( UniqueID ) ) .as ( [ Device_Type , CountofUniqueID ] ) | Sort ( columns = [ \"CountofUniqueID\" ] , sort = [ \"DESC\" ] ) | Group ( Device_Type ) | With ( Panel ( 0 ) ) | Format ( type = [ 'table' ] ) | TaskOptions ( { \"0\" : { \"layout\" : \"Column\" , \"alignment\" : { \"label\" : [ \"Device_Type\" ] , \"value\" : [ \"CountofUniqueID\" ] } } } ) | Collect ( - 1 ) ) , ( true ) ) ;","Panel ( 0 ) | AddPanelOrnaments ( { \"tools\" : { \"shared\" : { \"colorName\" : \"Semoss\" , \"color\" : { \"CountofUniqueID\" : \"#4FA4DE\" } , \"backgroundColor\" : \"#FFFFFF\" } } } ) ;","Panel ( 0 ) | RetrievePanelOrnaments ( \"tools\" ) ;","Panel ( 0 ) | AddPanelOrnaments ( { \"tools\" : { \"shared\" : { \"colorName\" : \"Four\" , \"color\" : { \"CountofUniqueID\" : \"#184D68\" } , \"backgroundColor\" : \"#FFFFFF\" } } } ) ;","Panel ( 0 ) | RetrievePanelOrnaments ( \"tools\" ) ;","Panel ( 1 ) | AddPanelOrnaments ( { \"tools\" : { \"shared\" : { \"colorName\" : \"Semoss\" , \"color\" : { \"Device Type\" : \"#4FA4DE\" } , \"backgroundColor\" : \"#FFFFFF\" } } } ) ;","Panel ( 1 ) | RetrievePanelOrnaments ( \"tools\" ) ;","Panel ( 1 ) | AddPanelOrnaments ( { \"tools\" : { \"shared\" : { \"colorName\" : \"Four\" , \"color\" : { \"Device Type\" : \"#184D68\" } , \"backgroundColor\" : \"#FFFFFF\" } } } ) ;","Panel ( 1 ) | RetrievePanelOrnaments ( \"tools\" ) ;","Panel ( 0 ) | Clone ( 2 ) ;","if ( ( HasDuplicates ( Replacement_Date ) ) , ( Frame ( ) | Select ( Replacement_Date , Average ( Acquisition_Cost ) ) .as ( [ Replacement_Date , AverageofAcquisition_Cost ] ) | Group ( Replacement_Date ) | With ( Panel ( 2 ) ) | Format ( type = [ 'table' ] ) | TaskOptions ( { \"2\" : { \"layout\" : \"Line\" , \"alignment\" : { \"label\" : [ \"Replacement_Date\" ] , \"value\" : [ \"AverageofAcquisition_Cost\" ] , \"tooltip\" : [ ] , \"facet\" : [ ] } } } ) | Collect ( 500 ) ) , ( Frame ( ) | Select ( Replacement_Date , Acquisition_Cost ) .as ( [ Replacement_Date , Acquisition_Cost ] ) | With ( Panel ( 2 ) ) | Format ( type = [ 'table' ] ) | TaskOptions ( { \"2\" : { \"layout\" : \"Line\" , \"alignment\" : { \"label\" : [ \"Replacement_Date\" ] , \"value\" : [ \"Acquisition_Cost\" ] , \"tooltip\" : [ ] , \"facet\" : [ ] } } } ) | Collect ( 500 ) ) ) ;","if ( ( HasDuplicates ( Replacement_Date ) ) , ( Frame ( ) | Select ( Replacement_Date , Sum ( Acquisition_Cost ) ) .as ( [ Replacement_Date , SumofAcquisition_Cost ] ) | Group ( Replacement_Date ) | With ( Panel ( 2 ) ) | Format ( type = [ 'table' ] ) | TaskOptions ( { \"2\" : { \"layout\" : \"Line\" , \"alignment\" : { \"label\" : [ \"Replacement_Date\" ] , \"value\" : [ \"SumofAcquisition_Cost\" ] , \"tooltip\" : [ ] , \"facet\" : [ ] } } } ) | Collect ( 500 ) ) , ( Frame ( ) | Select ( Replacement_Date , Acquisition_Cost ) .as ( [ Replacement_Date , Acquisition_Cost ] ) | With ( Panel ( 2 ) ) | Format ( type = [ 'table' ] ) | TaskOptions ( { \"2\" : { \"layout\" : \"Line\" , \"alignment\" : { \"label\" : [ \"Replacement_Date\" ] , \"value\" : [ \"Acquisition_Cost\" ] , \"tooltip\" : [ ] , \"facet\" : [ ] } } } ) | Collect ( 500 ) ) ) ;","Panel ( 2 ) | AddPanelOrnaments ( { \"tools\" : { \"shared\" : { \"rotateAxis\" : false } } } ) ;","Panel ( 2 ) | RetrievePanelOrnaments ( \"tools.shared.rotateAxis\" ) ;","Panel ( 2 ) | AddPanelOrnaments ( { \"tools\" : { \"shared\" : { \"rotateAxis\" : true } } } ) ;","Panel ( 2 ) | RetrievePanelOrnaments ( \"tools.shared.rotateAxis\" ) ;","ifError ( ( Frame ( ) | Select ( Replacement_Date , Sum ( Acquisition_Cost ) ) .as ( [ Replacement_Date , SumofAcquisition_Cost ] ) | Group ( Replacement_Date ) | With ( Panel ( 2 ) ) | Format ( type = [ 'table' ] ) | TaskOptions ( { \"2\" : { \"layout\" : \"Line\" , \"alignment\" : { \"label\" : [ \"Replacement_Date\" ] , \"value\" : [ \"SumofAcquisition_Cost\" ] } } } ) | Collect ( - 1 ) ) , ( true ) ) ;","Panel ( 2 ) | AddPanelOrnaments ( { \"tools\" : { \"shared\" : { \"rotateAxis\" : false } } } ) ;","Panel ( 2 ) | RetrievePanelOrnaments ( \"tools.shared.rotateAxis\" ) ;","if ( IsEmpty ( [ \"Radiology\" ] ) , UnfilterFrame ( Device_Type ) , SetFrameFilter ( Device_Type == [ \"Radiology\" ] ) ) ;","UnfilterFrame ( Device_Type ) ;","if ( IsEmpty ( [ \"Imaging\" , \"Lab_Automation\" ] ) , UnfilterFrame ( Device_Type ) , SetFrameFilter ( Device_Type == [ \"Imaging\" , \"Lab_Automation\" ] ) ) ;","UnfilterFrame ( Device_Type ) ;","AddPanel ( 3 ) ;","Panel ( 3 ) | AddPanelConfig ( config = [ { \"config\" : { \"type\" : \"COLLAPSIBLE\" , \"opacity\" : 100 , \"subType\" : \"\" } , \"label\" : \"Device_Type Filter\" } ] ) ;","Panel ( 3 ) | SetPanelView ( \"DashboardFilter\" , \"<encode>{\"autoRun\":true}</encode>\" ) ;","Panel ( 3 ) | AddPanelOrnaments ( { \"dashboardFilter\" : { \"singleSelect\" : \"Multi Select\" , \"viewType\" : \"List\" , \"instances\" : [ \"Device_Type\" ] } } ) | RetrievePanelOrnaments ( \"dashboardFilter\" ) ;","ClosePanel ( 3 ) ;","AddPanel ( 4 ) ;","Panel ( 4 ) | AddPanelConfig ( config = [ { \"config\" : { \"type\" : \"MENU\" , \"opacity\" : 100 , \"subType\" : \"\" } , \"label\" : \"Device_Type Filter\" } ] ) ;","Panel ( 4 ) | SetPanelView ( \"DashboardFilter\" , \"<encode>{\"autoRun\":true}</encode>\" ) ;","Panel ( 4 ) | AddPanelOrnaments ( { \"dashboardFilter\" : { \"singleSelect\" : \"Multi Select\" , \"viewType\" : \"List\" , \"instances\" : [ \"Device_Type\" ] } } ) | RetrievePanelOrnaments ( \"dashboardFilter\" ) ;","Panel ( 0 ) | SetPanelLabel ( \"Number of Devices by Device Type\" ) ;","Panel ( 1 ) | SetPanelLabel ( \"Cost against Life Expectancy\" ) ;","Panel ( 2 ) | SetPanelLabel ( \"Potential Cost of Device Replacement by Replacement Date/EOL\" ) ;","Panel ( 0 ) | Clone ( 5 ) ;","Panel ( 5 ) | SetPanelView ( \"text-widget\" ) ;","Panel ( 5 ) | SetPanelView ( \"visualization\" ) ;","Panel ( 5 ) | AddPanelConfig ( config = [ { \"config\" : { \"subType\" : \"\" } } ] ) ;","Panel ( 5 ) | SetPanelView ( \"visualization\" , \"<encode>{\"type\":\"standard\"}</encode>\" ) ;","Frame ( ) | Select ( EHR_Compatible ) .as ( [ EHR_Compatible ] ) | With ( Panel ( 5 ) ) | Format ( type = [ 'table' ] ) | TaskOptions ( { \"5\" : { \"layout\" : \"Grid\" , \"alignment\" : { \"label\" : [ \"EHR_Compatible\" ] } } } ) | Collect ( 500 ) ;","Frame ( ) | Select ( EHR_Compatible , Device_Class ) .as ( [ EHR_Compatible , Device_Class ] ) | With ( Panel ( 5 ) ) | Format ( type = [ 'table' ] ) | TaskOptions ( { \"5\" : { \"layout\" : \"Grid\" , \"alignment\" : { \"label\" : [ \"EHR_Compatible\" , \"Device_Class\" ] } } } ) | Collect ( 500 ) ;","Frame ( ) | Select ( EHR_Compatible , Device_Class , UniqueID ) .as ( [ EHR_Compatible , Device_Class , UniqueID ] ) | With ( Panel ( 5 ) ) | Format ( type = [ 'table' ] ) | TaskOptions ( { \"5\" : { \"layout\" : \"Grid\" , \"alignment\" : { \"label\" : [ \"EHR_Compatible\" , \"Device_Class\" , \"UniqueID\" ] } } } ) | Collect ( 500 ) ;","Panel ( 5 ) | SetPanelView ( \"text-widget\" ) ;","Panel ( 5 ) | SetPanelView ( \"text-widget\" , \"<encode>{\"html\":\"<div id=\\\"projectFacts\\\" class=\\\"sectionClass\\\">\\n    <div class=\\\"fullWidth eight columns\\\">\\n        <div class=\\\"projectFactsWrap \\\">\\n             <div class=\\\"item wow fadeInUpBig animated animated\\\" data-number=\\\"5\\\" style=\\\"visibility: visible;\\\">\\n                <p id=\\\"number1\\\" class=\\\"number\\\">${{TotalDevices[0][\\\"output\\\"][\\\"data\\\"][\\\"values\\\"][0][0] | number:0}}</p>\\n                <span></span>\\n                <p>Total Number of Devices in Inventory</p>\\n            </div>\\n\\t\\t\\t<div class=\\\"item wow fadeInUpBig animated animated\\\" data-number=\\\"5\\\" style=\\\"visibility: visible;\\\">\\n                <p id=\\\"number2\\\" class=\\\"number\\\">${{TotalCost[0][\\\"output\\\"][\\\"data\\\"][\\\"values\\\"][0][0] | number:0}}</p>\\n                <span></span>\\n                <p>Total Cost of Devices</p>\\n            </div>\\n\\t\\t\\t<div class=\\\"item wow fadeInUpBig animated animated\\\" data-number=\\\"5\\\" style=\\\"visibility: visible;\\\">\\n                <p id=\\\"number3\\\" class=\\\"number\\\">${{EHRCompat[0][\\\"output\\\"][\\\"data\\\"][\\\"values\\\"][0][0] | number:0}}</p>\\n                <span></span>\\n                <p>Count of EHR Compatible Devices</p>\\n            </div>\\n\\t\\t\\t<div class=\\\"item wow fadeInUpBig animated animated\\\" data-number=\\\"5\\\" style=\\\"visibility: visible;\\\">\\n                <p id=\\\"number4\\\" class=\\\"number\\\">${{Manufact[0][\\\"output\\\"][\\\"data\\\"][\\\"values\\\"][0][0] | number:0}}</p>\\n                <span></span>\\n                <p>Number of Unique Device Manufacturers</p>\\n            </div>\\n        </div>\\n    </div>\\n</div>\\n\\n<style>\\n#TextWidget @import url(https://fonts.googleapis.com/css?family=PT+Sans+Narrow);\\nbody{\\n  font-family: Open Sans, \\\"Helvetica Neue\\\", \\\"Helvetica\\\", Helvetica, Arial,   sans-serif;\\n  font-size: 13px;\\n  color: #666;\\n  position: relative;\\n  -webkit-font-smoothing: antialiased;\\n  margin: 0;\\n}\\n\\n#TextWidget *{\\n  -webkit-box-sizing: border-box;\\n  -moz-box-sizing: border-box;\\n  box-sizing: border-box;\\n}\\n\\n#TextWidget body, #TextWidget div, #TextWidget dl, #TextWidget dt, #TextWidget dd, #TextWidget ul, #TextWidget ol, #TextWidget li, #TextWidget h1, #TextWidget h2, #TextWidget h3, #TextWidget h4, #TextWidget h5, #TextWidget h6, #TextWidget pre, #TextWidget form, #TextWidget p, #TextWidget blockquote, #TextWidget th, #TextWidget td{\\n  margin: 0;\\n  padding: 0;\\n  font-size: 13px;\\n  direction: ltr;\\n}\\n\\n#TextWidget .sectionClass{\\n  padding: 0px 0px 0px 0px;\\n  position: relative;\\n  display: block;\\n}\\n\\n#TextWidget .fullWidth{\\n  width: 100%;\\n  display: table;\\n  float: none;\\n  padding: 0;\\n  min-height: 1px;\\n  height: 100% !important;\\n  position: relative;\\n}\\n\\n\\n#TextWidget .sectiontitle{\\n  background-position: center;\\n  margin: 0px 0 0px;\\n  text-align: center;\\n  min-height: 0px;\\n}\\n\\n#TextWidget .sectiontitle h2{\\n  font-size: 30px;\\n  color: #575757;\\n  margin-bottom: 0px;\\n  padding-right: 0px;\\n  padding-left: 0px;\\n}\\n\\n\\n#TextWidget .headerLine{\\n  width: 160px;\\n  height: 0px;\\n  display: inline-block;\\n  background: #575757;\\n}\\n\\n\\n#TextWidget .projectFactsWrap{\\n    display: flex;\\n  margin-top: 0px;\\n  flex-direction: row;\\n  flex-wrap: wrap;\\n}\\n\\n\\n#TextWidget #projectFacts .fullWidth{\\n  padding: 0;\\n}\\n\\n#TextWidget .projectFactsWrap .item{\\n  width: 25%;\\n  height: 100%;\\n  padding: 0px 0px;\\n  text-align: center;\\n}\\n\\n#TextWidget .projectFactsWrap .item:nth-child(1){\\n  background: rgb(226, 226, 226);\\n}\\n\\n#TextWidget .projectFactsWrap .item:nth-child(2){\\n  background: rgb(226, 226, 226);\\n}\\n\\n#TextWidget .projectFactsWrap .item:nth-child(3){\\n  background: rgb(226, 226, 226);\\n}\\n\\n#TextWidget .projectFactsWrap .item:nth-child(4){\\n  background: rgb(226, 226, 226);\\n}\\n\\n#TextWidget .projectFactsWrap .item p.number{\\n  font-size: 30px;\\n  padding: 0;\\n  font-weight: bold;\\n}\\n\\n#TextWidget .projectFactsWrap .item p{\\n  color: rgba(87, 87, 87, 0.8);\\n  font-size: 18px;\\n  margin: 0;\\n  padding: 0 px;\\n  font-family: 'Open Sans';\\n}\\n\\n\\n#TextWidget .projectFactsWrap .item span{\\n  width: 160px;\\n  background: #00a3e0;\\n  height: 2px;\\n  display: block;\\n  margin: 0 auto;\\n}\\n\\n\\n#TextWidget .projectFactsWrap .item i{\\n  vertical-align: middle;\\n  font-size: 50px;\\n  color: rgba(87, 87, 87, 0.8);\\n}\\n\\n\\n#TextWidget .projectFactsWrap .item:hover i, #TextWidget .projectFactsWrap .item:hover p{\\n  color: #00a3e0;\\n}\\n\\n#TextWidget .projectFactsWrap .item:hover span{\\n  background: #00a3e0;\\n}\\n\\n#TextWidget @media (max-width: 786px){\\n  .projectFactsWrap .item {\\n     flex: 0 0 50%;\\n  }\\n#TextWidget }\\n\\n\\n#TextWidget .trans{\\n  opacity: 1;\\n  -webkit-transform: translateX(0px);\\n  transform: translateX(0px);\\n  -webkit-transition: all 500ms ease;\\n  -moz-transition: all 500ms ease;\\n  transition: all 500ms ease;\\n\\n</style>\",\"varList\":[{\"name\":\"TotalDevices\",\"query\":\"Select(Count(UniqueID)) | Collect (-1);\"},{\"name\":\"TotalCost\",\"query\":\"Select(Sum(Acquisition_Cost)) | Collect (-1);\"},{\"name\":\"EHRCompat\",\"query\":\"Filter (EHR_Compatible == [ \\\"Yes\\\" ]) | Select(Count(UniqueID))| Collect (-1);\"},{\"name\":\"Manufact\",\"query\":\"Select(Count(Manufacturer_Name)) | Collect (-1);\"}],\"freeze\":false,\"loading\":true}</encode>\" ) ;","Panel ( 5 ) | SetPanelView ( \"text-widget\" , \"<encode>{\"html\":\"<div id=\\\"projectFacts\\\" class=\\\"sectionClass\\\">\\n    <div class=\\\"fullWidth eight columns\\\">\\n        <div class=\\\"projectFactsWrap \\\">\\n             <div class=\\\"item wow fadeInUpBig animated animated\\\" data-number=\\\"5\\\" style=\\\"visibility: visible;\\\">\\n                <p id=\\\"number1\\\" class=\\\"number\\\">${{TotalDevices[0][\\\"output\\\"][\\\"data\\\"][\\\"values\\\"][0][0] | number:0}}</p>\\n                <span></span>\\n                <p>Total Number of Devices in Inventory</p>\\n            </div>\\n\\t\\t\\t<div class=\\\"item wow fadeInUpBig animated animated\\\" data-number=\\\"5\\\" style=\\\"visibility: visible;\\\">\\n                <p id=\\\"number2\\\" class=\\\"number\\\">${{TotalCost[0][\\\"output\\\"][\\\"data\\\"][\\\"values\\\"][0][0] | number:0}}</p>\\n                <span></span>\\n                <p>Total Cost of Devices</p>\\n            </div>\\n\\t\\t\\t<div class=\\\"item wow fadeInUpBig animated animated\\\" data-number=\\\"5\\\" style=\\\"visibility: visible;\\\">\\n                <p id=\\\"number3\\\" class=\\\"number\\\">${{EHRCompat[0][\\\"output\\\"][\\\"data\\\"][\\\"values\\\"][0][0] | number:0}}</p>\\n                <span></span>\\n                <p>Count of EHR Compatible Devices</p>\\n            </div>\\n\\t\\t\\t<div class=\\\"item wow fadeInUpBig animated animated\\\" data-number=\\\"5\\\" style=\\\"visibility: visible;\\\">\\n                <p id=\\\"number4\\\" class=\\\"number\\\">${{Manufact[0][\\\"output\\\"][\\\"data\\\"][\\\"values\\\"][0][0] | number:0}}</p>\\n                <span></span>\\n                <p>Number of Unique Device Manufacturers</p>\\n            </div>\\n        </div>\\n    </div>\\n</div>\\n\\n<style>\\n#TextWidget @import url(https://fonts.googleapis.com/css?family=PT+Sans+Narrow);\\nbody{\\n  font-family: Open Sans, \\\"Helvetica Neue\\\", \\\"Helvetica\\\", Helvetica, Arial,   sans-serif;\\n  font-size: 13px;\\n  color: #666;\\n  position: relative;\\n  -webkit-font-smoothing: antialiased;\\n  margin: 0;\\n}\\n\\n#TextWidget *{\\n  -webkit-box-sizing: border-box;\\n  -moz-box-sizing: border-box;\\n  box-sizing: border-box;\\n}\\n\\n#TextWidget body, #TextWidget div, #TextWidget dl, #TextWidget dt, #TextWidget dd, #TextWidget ul, #TextWidget ol, #TextWidget li, #TextWidget h1, #TextWidget h2, #TextWidget h3, #TextWidget h4, #TextWidget h5, #TextWidget h6, #TextWidget pre, #TextWidget form, #TextWidget p, #TextWidget blockquote, #TextWidget th, #TextWidget td{\\n  margin: 0;\\n  padding: 0;\\n  font-size: 13px;\\n  direction: ltr;\\n}\\n\\n#TextWidget .sectionClass{\\n  padding: 0px 0px 0px 0px;\\n  position: relative;\\n  display: block;\\n}\\n\\n#TextWidget .fullWidth{\\n  width: 100%;\\n  display: table;\\n  float: none;\\n  padding: 0;\\n  min-height: 1px;\\n  height: 100% !important;\\n  position: relative;\\n}\\n\\n\\n#TextWidget .sectiontitle{\\n  background-position: center;\\n  margin: 0px 0 0px;\\n  text-align: center;\\n  min-height: 0px;\\n}\\n\\n#TextWidget .sectiontitle h2{\\n  font-size: 30px;\\n  color: #575757;\\n  margin-bottom: 0px;\\n  padding-right: 0px;\\n  padding-left: 0px;\\n}\\n\\n\\n#TextWidget .headerLine{\\n  width: 160px;\\n  height: 0px;\\n  display: inline-block;\\n  background: #575757;\\n}\\n\\n\\n#TextWidget .projectFactsWrap{\\n    display: flex;\\n  margin-top: 0px;\\n  flex-direction: row;\\n  flex-wrap: wrap;\\n}\\n\\n\\n#TextWidget #projectFacts .fullWidth{\\n  padding: 0;\\n}\\n\\n#TextWidget .projectFactsWrap .item{\\n  width: 25%;\\n  height: 100%;\\n  padding: 0px 0px;\\n  text-align: center;\\n}\\n\\n#TextWidget .projectFactsWrap .item:nth-child(1){\\n  background: rgb(226, 226, 226);\\n}\\n\\n#TextWidget .projectFactsWrap .item:nth-child(2){\\n  background: rgb(226, 226, 226);\\n}\\n\\n#TextWidget .projectFactsWrap .item:nth-child(3){\\n  background: rgb(226, 226, 226);\\n}\\n\\n#TextWidget .projectFactsWrap .item:nth-child(4){\\n  background: rgb(226, 226, 226);\\n}\\n\\n#TextWidget .projectFactsWrap .item p.number{\\n  font-size: 30px;\\n  padding: 0;\\n  font-weight: bold;\\n}\\n\\n#TextWidget .projectFactsWrap .item p{\\n  color: rgba(87, 87, 87, 0.8);\\n  font-size: 18px;\\n  margin: 0;\\n  padding: 0 px;\\n  font-family: 'Open Sans';\\n}\\n\\n\\n#TextWidget .projectFactsWrap .item span{\\n  width: 160px;\\n  background: #143F5B;\\n  height: 2px;\\n  display: block;\\n  margin: 0 auto;\\n}\\n\\n\\n#TextWidget .projectFactsWrap .item i{\\n  vertical-align: middle;\\n  font-size: 50px;\\n  color: rgba(87, 87, 87, 0.8);\\n}\\n\\n\\n#TextWidget .projectFactsWrap .item:hover i, #TextWidget .projectFactsWrap .item:hover p{\\n  color: #143F5B;\\n}\\n\\n#TextWidget .projectFactsWrap .item:hover span{\\n  background: #143F5B;\\n}\\n\\n#TextWidget @media (max-width: 786px){\\n  .projectFactsWrap .item {\\n     flex: 0 0 50%;\\n  }\\n#TextWidget }\\n\\n\\n#TextWidget .trans{\\n  opacity: 1;\\n  -webkit-transform: translateX(0px);\\n  transform: translateX(0px);\\n  -webkit-transition: all 500ms ease;\\n  -moz-transition: all 500ms ease;\\n  transition: all 500ms ease;\\n\\n</style>\",\"varList\":[{\"name\":\"TotalDevices\",\"query\":\"Select(Count(UniqueID)) | Collect (-1);\"},{\"name\":\"TotalCost\",\"query\":\"Select(Sum(Acquisition_Cost)) | Collect (-1);\"},{\"name\":\"EHRCompat\",\"query\":\"Filter (EHR_Compatible == [ \\\"Yes\\\" ]) | Select(Count(UniqueID))| Collect (-1);\"},{\"name\":\"Manufact\",\"query\":\"Select(Count(Manufacturer_Name)) | Collect (-1);\"}],\"freeze\":false,\"loading\":true}</encode>\" ) ;","Panel ( 5 ) | SetPanelView ( \"text-widget\" , \"<encode>{\"html\":\"<div id=\\\"projectFacts\\\" class=\\\"sectionClass\\\">\\n    <div class=\\\"fullWidth eight columns\\\">\\n        <div class=\\\"projectFactsWrap \\\">\\n             <div class=\\\"item wow fadeInUpBig animated animated\\\" data-number=\\\"5\\\" style=\\\"visibility: visible;\\\">\\n                <p id=\\\"number1\\\" class=\\\"number\\\">{{TotalDevices[0][\\\"output\\\"][\\\"data\\\"][\\\"values\\\"][0][0] | number:0}}</p>\\n                <span></span>\\n                <p>Total Number of Devices in Inventory</p>\\n            </div>\\n\\t\\t\\t<div class=\\\"item wow fadeInUpBig animated animated\\\" data-number=\\\"5\\\" style=\\\"visibility: visible;\\\">\\n                <p id=\\\"number2\\\" class=\\\"number\\\">${{TotalCost[0][\\\"output\\\"][\\\"data\\\"][\\\"values\\\"][0][0] | number:0}}</p>\\n                <span></span>\\n                <p>Total Cost of Devices</p>\\n            </div>\\n\\t\\t\\t<div class=\\\"item wow fadeInUpBig animated animated\\\" data-number=\\\"5\\\" style=\\\"visibility: visible;\\\">\\n                <p id=\\\"number3\\\" class=\\\"number\\\">{{EHRCompat[0][\\\"output\\\"][\\\"data\\\"][\\\"values\\\"][0][0] | number:0}}</p>\\n                <span></span>\\n                <p>Count of EHR Compatible Devices</p>\\n            </div>\\n\\t\\t\\t<div class=\\\"item wow fadeInUpBig animated animated\\\" data-number=\\\"5\\\" style=\\\"visibility: visible;\\\">\\n                <p id=\\\"number4\\\" class=\\\"number\\\">{{Manufact[0][\\\"output\\\"][\\\"data\\\"][\\\"values\\\"][0][0] | number:0}}</p>\\n                <span></span>\\n                <p>Number of Unique Device Manufacturers</p>\\n            </div>\\n        </div>\\n    </div>\\n</div>\\n\\n<style>\\n#TextWidget @import url(https://fonts.googleapis.com/css?family=PT+Sans+Narrow);\\nbody{\\n  font-family: Open Sans, \\\"Helvetica Neue\\\", \\\"Helvetica\\\", Helvetica, Arial,   sans-serif;\\n  font-size: 13px;\\n  color: #666;\\n  position: relative;\\n  -webkit-font-smoothing: antialiased;\\n  margin: 0;\\n}\\n\\n#TextWidget *{\\n  -webkit-box-sizing: border-box;\\n  -moz-box-sizing: border-box;\\n  box-sizing: border-box;\\n}\\n\\n#TextWidget body, #TextWidget div, #TextWidget dl, #TextWidget dt, #TextWidget dd, #TextWidget ul, #TextWidget ol, #TextWidget li, #TextWidget h1, #TextWidget h2, #TextWidget h3, #TextWidget h4, #TextWidget h5, #TextWidget h6, #TextWidget pre, #TextWidget form, #TextWidget p, #TextWidget blockquote, #TextWidget th, #TextWidget td{\\n  margin: 0;\\n  padding: 0;\\n  font-size: 13px;\\n  direction: ltr;\\n}\\n\\n#TextWidget .sectionClass{\\n  padding: 0px 0px 0px 0px;\\n  position: relative;\\n  display: block;\\n}\\n\\n#TextWidget .fullWidth{\\n  width: 100%;\\n  display: table;\\n  float: none;\\n  padding: 0;\\n  min-height: 1px;\\n  height: 100% !important;\\n  position: relative;\\n}\\n\\n\\n#TextWidget .sectiontitle{\\n  background-position: center;\\n  margin: 0px 0 0px;\\n  text-align: center;\\n  min-height: 0px;\\n}\\n\\n#TextWidget .sectiontitle h2{\\n  font-size: 30px;\\n  color: #575757;\\n  margin-bottom: 0px;\\n  padding-right: 0px;\\n  padding-left: 0px;\\n}\\n\\n\\n#TextWidget .headerLine{\\n  width: 160px;\\n  height: 0px;\\n  display: inline-block;\\n  background: #575757;\\n}\\n\\n\\n#TextWidget .projectFactsWrap{\\n    display: flex;\\n  margin-top: 0px;\\n  flex-direction: row;\\n  flex-wrap: wrap;\\n}\\n\\n\\n#TextWidget #projectFacts .fullWidth{\\n  padding: 0;\\n}\\n\\n#TextWidget .projectFactsWrap .item{\\n  width: 25%;\\n  height: 100%;\\n  padding: 0px 0px;\\n  text-align: center;\\n}\\n\\n#TextWidget .projectFactsWrap .item:nth-child(1){\\n  background: rgb(226, 226, 226);\\n}\\n\\n#TextWidget .projectFactsWrap .item:nth-child(2){\\n  background: rgb(226, 226, 226);\\n}\\n\\n#TextWidget .projectFactsWrap .item:nth-child(3){\\n  background: rgb(226, 226, 226);\\n}\\n\\n#TextWidget .projectFactsWrap .item:nth-child(4){\\n  background: rgb(226, 226, 226);\\n}\\n\\n#TextWidget .projectFactsWrap .item p.number{\\n  font-size: 30px;\\n  padding: 0;\\n  font-weight: bold;\\n}\\n\\n#TextWidget .projectFactsWrap .item p{\\n  color: rgba(87, 87, 87, 0.8);\\n  font-size: 18px;\\n  margin: 0;\\n  padding: 0 px;\\n  font-family: 'Open Sans';\\n}\\n\\n\\n#TextWidget .projectFactsWrap .item span{\\n  width: 160px;\\n  background: #143F5B;\\n  height: 2px;\\n  display: block;\\n  margin: 0 auto;\\n}\\n\\n\\n#TextWidget .projectFactsWrap .item i{\\n  vertical-align: middle;\\n  font-size: 50px;\\n  color: rgba(87, 87, 87, 0.8);\\n}\\n\\n\\n#TextWidget .projectFactsWrap .item:hover i, #TextWidget .projectFactsWrap .item:hover p{\\n  color: #143F5B;\\n}\\n\\n#TextWidget .projectFactsWrap .item:hover span{\\n  background: #143F5B;\\n}\\n\\n#TextWidget @media (max-width: 786px){\\n  .projectFactsWrap .item {\\n     flex: 0 0 50%;\\n  }\\n#TextWidget }\\n\\n\\n#TextWidget .trans{\\n  opacity: 1;\\n  -webkit-transform: translateX(0px);\\n  transform: translateX(0px);\\n  -webkit-transition: all 500ms ease;\\n  -moz-transition: all 500ms ease;\\n  transition: all 500ms ease;\\n\\n</style>\",\"varList\":[{\"name\":\"TotalDevices\",\"query\":\"Select(Count(UniqueID)) | Collect (-1);\"},{\"name\":\"TotalCost\",\"query\":\"Select(Sum(Acquisition_Cost)) | Collect (-1);\"},{\"name\":\"EHRCompat\",\"query\":\"Filter (EHR_Compatible == [ \\\"Yes\\\" ]) | Select(Count(UniqueID))| Collect (-1);\"},{\"name\":\"Manufact\",\"query\":\"Select(Count(Manufacturer_Name)) | Collect (-1);\"}],\"freeze\":false,\"loading\":true}</encode>\" ) ;","Panel ( 5 ) | SetPanelView ( \"text-widget\" , \"<encode>{\"html\":\"<div id=\\\"projectFacts\\\" class=\\\"sectionClass\\\">\\n    <div class=\\\"fullWidth eight columns\\\">\\n        <div class=\\\"projectFactsWrap \\\">\\n             <div class=\\\"item wow fadeInUpBig animated animated\\\" data-number=\\\"5\\\" style=\\\"visibility: visible;\\\">\\n                <p id=\\\"number1\\\" class=\\\"number\\\">{{TotalDevices[0][\\\"output\\\"][\\\"data\\\"][\\\"values\\\"][0][0] | number:0}}</p>\\n                <span></span>\\n                <p>Total Number of Devices in Inventory</p>\\n            </div>\\n\\t\\t\\t<div class=\\\"item wow fadeInUpBig animated animated\\\" data-number=\\\"5\\\" style=\\\"visibility: visible;\\\">\\n                <p id=\\\"number2\\\" class=\\\"number\\\">${{TotalCost[0][\\\"output\\\"][\\\"data\\\"][\\\"values\\\"][0][0] | number:0}}</p>\\n                <span></span>\\n                <p>Total Cost of Devices</p>\\n            </div>\\n\\t\\t\\t<div class=\\\"item wow fadeInUpBig animated animated\\\" data-number=\\\"5\\\" style=\\\"visibility: visible;\\\">\\n                <p id=\\\"number3\\\" class=\\\"number\\\">{{EHRCompat[0][\\\"output\\\"][\\\"data\\\"][\\\"values\\\"][0][0] | number:0}}</p>\\n                <span></span>\\n                <p>Count of EHR Compatible Devices</p>\\n            </div>\\n\\t\\t\\t<div class=\\\"item wow fadeInUpBig animated animated\\\" data-number=\\\"5\\\" style=\\\"visibility: visible;\\\">\\n                <p id=\\\"number4\\\" class=\\\"number\\\">{{Manufact[0][\\\"output\\\"][\\\"data\\\"][\\\"values\\\"][0][0] | number:0}}</p>\\n                <span></span>\\n                <p>Number of Unique Device Manufacturers</p>\\n            </div>\\n        </div>\\n    </div>\\n</div>\\n\\n<style>\\n#TextWidget @import url(https://fonts.googleapis.com/css?family=PT+Sans+Narrow);\\nbody{\\n  font-family: Open Sans, \\\"Helvetica Neue\\\", \\\"Helvetica\\\", Helvetica, Arial,   sans-serif;\\n  font-size: 13px;\\n  color: #666;\\n  position: relative;\\n  -webkit-font-smoothing: antialiased;\\n  margin: 0;\\n}\\n\\n#TextWidget *{\\n  -webkit-box-sizing: border-box;\\n  -moz-box-sizing: border-box;\\n  box-sizing: border-box;\\n}\\n\\n#TextWidget body, #TextWidget div, #TextWidget dl, #TextWidget dt, #TextWidget dd, #TextWidget ul, #TextWidget ol, #TextWidget li, #TextWidget h1, #TextWidget h2, #TextWidget h3, #TextWidget h4, #TextWidget h5, #TextWidget h6, #TextWidget pre, #TextWidget form, #TextWidget p, #TextWidget blockquote, #TextWidget th, #TextWidget td{\\n  margin: 0;\\n  padding: 0;\\n  font-size: 13px;\\n  direction: ltr;\\n}\\n\\n#TextWidget .sectionClass{\\n  padding: 0px 0px 0px 0px;\\n  position: relative;\\n  display: block;\\n}\\n\\n#TextWidget .fullWidth{\\n  width: 100%;\\n  display: table;\\n  float: none;\\n  padding: 0;\\n  min-height: 1px;\\n  height: 100% !important;\\n  position: relative;\\n}\\n\\n\\n#TextWidget .sectiontitle{\\n  background-position: center;\\n  margin: 0px 0 0px;\\n  text-align: center;\\n  min-height: 0px;\\n}\\n\\n#TextWidget .sectiontitle h2{\\n  font-size: 30px;\\n  color: #575757;\\n  margin-bottom: 0px;\\n  padding-right: 0px;\\n  padding-left: 0px;\\n}\\n\\n\\n#TextWidget .headerLine{\\n  width: 160px;\\n  height: 0px;\\n  display: inline-block;\\n  background: #575757;\\n}\\n\\n\\n#TextWidget .projectFactsWrap{\\n    display: flex;\\n  margin-top: 0px;\\n  flex-direction: row;\\n  flex-wrap: wrap;\\n}\\n\\n\\n#TextWidget #projectFacts .fullWidth{\\n  padding: 0;\\n}\\n\\n#TextWidget .projectFactsWrap .item{\\n  width: 25%;\\n  height: 100%;\\n  padding: 0px 0px;\\n  text-align: center;\\n}\\n\\n#TextWidget .projectFactsWrap .item:nth-child(1){\\n  background: rgb(226, 226, 226);\\n}\\n\\n#TextWidget .projectFactsWrap .item:nth-child(2){\\n  background: rgb(226, 226, 226);\\n}\\n\\n#TextWidget .projectFactsWrap .item:nth-child(3){\\n  background: rgb(226, 226, 226);\\n}\\n\\n#TextWidget .projectFactsWrap .item:nth-child(4){\\n  background: rgb(226, 226, 226);\\n}\\n\\n#TextWidget .projectFactsWrap .item p.number{\\n  font-size: 30px;\\n  padding: 0;\\n  font-weight: bold;\\n}\\n\\n#TextWidget .projectFactsWrap .item p{\\n  color: rgba(87, 87, 87, 0.8);\\n  font-size: 18px;\\n  margin: 0;\\n  padding: 0 px;\\n  font-family: 'Open Sans';\\n}\\n\\n\\n#TextWidget .projectFactsWrap .item span{\\n  width: 160px;\\n  background: #143F5B;\\n  height: 2px;\\n  display: block;\\n  margin: 0 auto;\\n}\\n\\n\\n#TextWidget .projectFactsWrap .item i{\\n  vertical-align: middle;\\n  font-size: 50px;\\n  color: rgba(87, 87, 87, 0.8);\\n}\\n\\n\\n#TextWidget .projectFactsWrap .item:hover i, #TextWidget .projectFactsWrap .item:hover p{\\n  color: #143F5B;\\n}\\n\\n#TextWidget .projectFactsWrap .item:hover span{\\n  background: #143F5B;\\n}\\n\\n#TextWidget @media (max-width: 786px){\\n  .projectFactsWrap .item {\\n     flex: 0 0 50%;\\n  }\\n#TextWidget }\\n\\n\\n#TextWidget .trans{\\n  opacity: 1;\\n  -webkit-transform: translateX(0px);\\n  transform: translateX(0px);\\n  -webkit-transition: all 500ms ease;\\n  -moz-transition: all 500ms ease;\\n  transition: all 500ms ease;\\n\\n</style>\",\"varList\":[{\"name\":\"TotalDevices\",\"query\":\"Select(UniqueCount(UniqueID)) | Collect (-1);\"},{\"name\":\"TotalCost\",\"query\":\"Select(Sum(Acquisition_Cost)) | Collect (-1);\"},{\"name\":\"EHRCompat\",\"query\":\"Filter (EHR_Compatible == [ \\\"Yes\\\" ]) | Select(UniqueCount(UniqueID))| Collect (-1);\"},{\"name\":\"Manufact\",\"query\":\"Select(UniqueCount(Manufacturer_Name)) | Collect (-1);\"}],\"freeze\":false,\"loading\":true}</encode>\" ) ;","UnfilterFrame ( Device_Type ) ;","Panel ( 4 ) | AddPanelConfig ( config = [ { \"label\" : \"Device_Type Filter\" } ] ) ;","Panel ( 5 ) | SetPanelLabel ( \"Device Summary\" ) ;","Panel ( 0 ) | SetPanelPosition ( { \"top\" : 18 . 373251708501158 , \"left\" : 11 . 71875027939678 , \"width\" : 43 . 63281115610149 , \"height\" : 39 . 38273648927571 } ) ;","Panel ( 1 ) | SetPanelPosition ( { \"top\" : 18 . 228580435205874 , \"left\" : 55 . 25390756735581 , \"width\" : 44 . 57031117845324 , \"height\" : 39 . 639928882908016 } ) ;","Panel ( 2 ) | SetPanelPosition ( { \"top\" : 57 . 57916677152332 , \"left\" : 11 . 71875027939678 , \"width\" : 88 . 16406221780926 , \"height\" : 42 . 38868307551842 } ) ;","Panel ( 4 ) | SetPanelPosition ( { \"top\" : 18 . 228580435205874 , \"left\" : 0 , \"width\" : 11 . 69921664474527 , \"height\" : 81 . 77141956479413 } ) ;","Panel ( 5 ) | SetPanelPosition ( { \"top\" : 0 , \"left\" : 0 , \"width\" : 99 . 78515862906357 , \"height\" : 18 . 681318681318682 } ) ;"]}